rosbagTimestamp,header,seq,stamp,secs,nsecs,frame_id,axes,buttons
1556558769027310037,,27738,,1556558769,27109121,'',"[-0.06035115569829941, -0.0, 0.07098444551229477, -0.04428878054022789, 0.0, 0.0, 0.0, 0.0]","[0, 0, 0, 0, 0, 0, 0, 0, 0, 0, 0]"
1556558769035130019,,27739,,1556558769,35065491,'',"[-0.06035115569829941, -0.0, 0.07098444551229477, -0.04428878054022789, 0.0, 0.0, 0.0, 0.0]","[0, 0, 0, 0, 0, 0, 0, 0, 0, 0, 0]"
1556558769048147060,,27740,,1556558769,48048558,'',"[-0.06035115569829941, -0.0054178386926651, 0.07098444551229477, -0.04428878054022789, 0.0, 0.0, 0.0, 0.0]","[0, 0, 0, 0, 0, 0, 0, 0, 0, 0, 0]"
1556558769083136312,,27741,,1556558769,83080475,'',"[-0.06035115569829941, -0.021994207054376602, 0.07098444551229477, -0.04428878054022789, 0.0, 0.0, 0.0, 0.0]","[0, 0, 0, 0, 0, 0, 0, 0, 0, 0, 0]"
1556558769275188108,,27742,,1556558769,275102580,'',"[-0.06035115569829941, -0.0054178386926651, 0.07098444551229477, -0.04428878054022789, 0.0, 0.0, 0.0, 0.0]","[0, 0, 0, 0, 0, 0, 0, 0, 0, 0, 0]"
1556558769376162513,,27743,,1556558769,376081935,'',"[-0.06035115569829941, -0.0, 0.07098444551229477, -0.04428878054022789, 0.0, 0.0, 0.0, 0.0]","[0, 0, 0, 0, 0, 0, 0, 0, 0, 0, 0]"
1556558769515212458,,27744,,1556558769,515117209,'',"[-0.06035115569829941, -0.0, 0.07098444551229477, -0.04428878054022789, 0.0, 0.0, 0.0, 0.0]","[0, 0, 0, 0, 0, 0, 0, 0, 0, 0, 0]"
1556558770394073817,,27745,,1556558770,393991434,'',"[-0.06035115569829941, -0.0, 0.07098444551229477, -0.04428878054022789, 0.0, 0.0, 0.0, 0.0]","[1, 0, 0, 0, 0, 0, 0, 0, 0, 0, 0]"
1556558770490094328,,27746,,1556558770,489990807,'',"[-0.06035115569829941, -0.0, 0.07098444551229477, -0.04428878054022789, 0.0, 0.0, 0.0, 0.0]","[0, 0, 0, 0, 0, 0, 0, 0, 0, 0, 0]"
1556558770539124129,,27747,,1556558770,539054387,'',"[-0.06035115569829941, -0.0, 0.07098444551229477, -0.04428878054022789, 0.0, 0.0, 0.0, 0.0]","[0, 0, 0, 0, 0, 0, 0, 0, 0, 0, 0]"
1556558772210119099,,27748,,1556558772,210003367,'',"[-0.06035115569829941, -0.0, 0.07098444551229477, -0.04428878054022789, 0.0, 0.0, 0.0, 0.0]","[1, 0, 0, 0, 0, 0, 0, 0, 0, 0, 0]"
1556558772336205940,,27749,,1556558772,336106388,'',"[-0.06035115569829941, -0.0, 0.07098444551229477, -0.04428878054022789, 0.0, 0.0, 0.0, 0.0]","[1, 0, 0, 0, 0, 0, 0, 0, 0, 0, 0]"
1556558772351052273,,27750,,1556558772,350979790,'',"[-0.06035115569829941, -0.0, 0.07098444551229477, -0.04428878054022789, 0.0, 0.0, 0.0, 0.0]","[0, 0, 0, 0, 0, 0, 0, 0, 0, 0, 0]"
1556558773539148850,,27751,,1556558773,539064594,'',"[-0.06035115569829941, -0.0, 0.07098444551229477, -0.04428878054022789, 0.0, 0.0, 0.0, 0.0]","[0, 0, 0, 0, 0, 0, 0, 0, 0, 0, 0]"
1556558774435298908,,27752,,1556558774,435160669,'',"[-0.06035115569829941, -0.0, 0.07098444551229477, -0.04428878054022789, 0.0, 0.0, 0.0, 0.0]","[0, 0, 0, 0, 0, 0, 0, 0, 0, 0, 0]"
1556558775171205626,,27753,,1556558775,171097742,'',"[-0.06035115569829941, -0.0, 0.07098444551229477, -0.04428878054022789, 0.0, 0.0, 0.0, 0.0]","[0, 0, 0, 0, 0, 0, 0, 0, 0, 0, 0]"
1556558775226273565,,27754,,1556558775,226114294,'',"[-0.06035115569829941, -0.0, 0.07098444551229477, -0.04428878054022789, 0.0, 0.0, 0.0, 0.0]","[1, 0, 0, 0, 0, 0, 0, 0, 0, 0, 0]"
1556558775354176738,,27755,,1556558775,354024904,'',"[-0.06035115569829941, -0.0, 0.07098444551229477, -0.04428878054022789, 0.0, 0.0, 0.0, 0.0]","[0, 0, 0, 0, 0, 0, 0, 0, 0, 0, 0]"
1556558776210079146,,27756,,1556558776,210015876,'',"[-0.06035115569829941, -0.0, 0.07098444551229477, -0.04428878054022789, 0.0, 0.0, 0.0, 0.0]","[1, 0, 0, 0, 0, 0, 0, 0, 0, 0, 0]"
1556558776335157942,,27757,,1556558776,335019528,'',"[-0.06035115569829941, -0.0, 0.07098444551229477, -0.04428878054022789, 0.0, 0.0, 0.0, 0.0]","[0, 0, 0, 0, 0, 0, 0, 0, 0, 0, 0]"
1556558779298124161,,27758,,1556558779,298006125,'',"[-0.06035115569829941, -0.0, 0.07098444551229477, -0.04428878054022789, 0.0, 0.0, 0.0, 0.0]","[1, 0, 0, 0, 0, 0, 0, 0, 0, 0, 0]"
1556558779450059824,,27759,,1556558779,449996088,'',"[-0.06035115569829941, -0.0, 0.07098444551229477, -0.04428878054022789, 0.0, 0.0, 0.0, 0.0]","[0, 0, 0, 0, 0, 0, 0, 0, 0, 0, 0]"
1556558780218386208,,27760,,1556558780,218120355,'',"[-0.06035115569829941, -0.0, 0.07098444551229477, -0.04428878054022789, 0.0, 0.0, 0.0, 0.0]","[1, 0, 0, 0, 0, 0, 0, 0, 0, 0, 0]"
1556558780370132274,,27761,,1556558780,370024132,'',"[-0.06035115569829941, -0.0, 0.07098444551229477, -0.04428878054022789, 0.0, 0.0, 0.0, 0.0]","[0, 0, 0, 0, 0, 0, 0, 0, 0, 0, 0]"
1556558783682049578,,27762,,1556558783,681987312,'',"[-0.06035115569829941, -0.0, 0.07098444551229477, -0.04428878054022789, 0.0, 0.0, 0.0, 0.0]","[0, 0, 0, 0, 0, 0, 0, 0, 0, 1, 0]"
1556558783699170961,,27763,,1556558783,699111346,'',"[-0.04454578086733818, -0.0, 0.07098444551229477, -0.04428878054022789, 0.0, 0.0, 0.0, 0.0]","[0, 0, 0, 0, 0, 0, 0, 0, 0, 1, 0]"
1556558783707175052,,27764,,1556558783,707079380,'',"[-0.028740404173731804, -0.0, 0.07098444551229477, -0.04428878054022789, 0.0, 0.0, 0.0, 0.0]","[0, 0, 0, 0, 0, 0, 0, 0, 0, 1, 0]"
1556558783715180736,,27765,,1556558783,715070753,'',"[-0.016886373981833458, -0.0, 0.07098444551229477, -0.04428878054022789, 0.0, 0.0, 0.0, 0.0]","[0, 0, 0, 0, 0, 0, 0, 0, 0, 1, 0]"
1556558783728208540,,27766,,1556558783,728112521,'',"[-0.0050323414616286755, -0.0, 0.07098444551229477, -0.04428878054022789, 0.0, 0.0, 0.0, 0.0]","[0, 0, 0, 0, 0, 0, 0, 0, 0, 1, 0]"
1556558783802048860,,27767,,1556558783,801985066,'',"[-0.0050323414616286755, -0.0, 0.07098444551229477, -0.04428878054022789, 0.0, 0.0, 0.0, 0.0]","[0, 0, 0, 0, 0, 0, 0, 0, 0, 0, 0]"
1556558783803145105,,27768,,1556558783,803078981,'',"[-0.02478906139731407, -0.0, 0.07098444551229477, -0.04428878054022789, 0.0, 0.0, 0.0, 0.0]","[0, 0, 0, 0, 0, 0, 0, 0, 0, 0, 0]"
1556558783811299003,,27769,,1556558783,811154564,'',"[-0.0405944362282753, -0.0, 0.07098444551229477, -0.04428878054022789, 0.0, 0.0, 0.0, 0.0]","[0, 0, 0, 0, 0, 0, 0, 0, 0, 0, 0]"
1556558786314143081,,27770,,1556558786,314018186,'',"[-0.0405944362282753, -0.0, 0.07098444551229477, -0.04428878054022789, 0.0, 0.0, 0.0, 0.0]","[1, 0, 0, 0, 0, 0, 0, 0, 0, 0, 0]"
1556558786463125718,,27771,,1556558786,463022402,'',"[-0.0405944362282753, -0.0, 0.07098444551229477, -0.04428878054022789, 0.0, 0.0, 0.0, 0.0]","[0, 0, 0, 0, 0, 0, 0, 0, 0, 0, 0]"
1556558789282086849,,27772,,1556558789,282011390,'',"[-0.0405944362282753, -0.0, 0.07098444551229477, -0.04428878054022789, 0.0, 0.0, 0.0, 0.0]","[1, 0, 0, 0, 0, 0, 0, 0, 0, 0, 0]"
1556558789426321334,,27773,,1556558789,426181754,'',"[-0.0405944362282753, -0.0, 0.07098444551229477, -0.04428878054022789, 0.0, 0.0, 0.0, 0.0]","[0, 0, 0, 0, 0, 0, 0, 0, 0, 0, 0]"
1556558791231226055,,27774,,1556558791,231053833,'',"[-0.0405944362282753, -0.0, 0.07098444551229477, -0.04428878054022789, 0.0, 0.0, 0.0, 0.0]","[1, 0, 0, 0, 0, 0, 0, 0, 0, 0, 0]"
1556558791375085157,,27775,,1556558791,375013756,'',"[-0.0405944362282753, -0.0, 0.07098444551229477, -0.04428878054022789, 0.0, 0.0, 0.0, 0.0]","[0, 0, 0, 0, 0, 0, 0, 0, 0, 0, 0]"
1556558792234222004,,27776,,1556558792,234064813,'',"[-0.0405944362282753, -0.0, 0.07098444551229477, -0.04428878054022789, 0.0, 0.0, 0.0, 0.0]","[1, 0, 0, 0, 0, 0, 0, 0, 0, 0, 0]"
1556558792367104875,,27777,,1556558792,367034416,'',"[-0.0405944362282753, -0.0, 0.07098444551229477, -0.04428878054022789, 0.0, 0.0, 0.0, 0.0]","[0, 0, 0, 0, 0, 0, 0, 0, 0, 0, 0]"
1556558794707508913,,27778,,1556558794,707214202,'',"[-0.0405944362282753, -0.009561930783092976, 0.07098444551229477, -0.04428878054022789, 0.0, 0.0, 0.0, 0.0]","[0, 0, 0, 0, 0, 0, 0, 0, 0, 0, 0]"
1556558794915231876,,27779,,1556558794,915121120,'',"[-0.0405944362282753, -0.059291038662195206, 0.07098444551229477, -0.04428878054022789, 0.0, 0.0, 0.0, 0.0]","[0, 0, 0, 0, 0, 0, 0, 0, 0, 0, 0]"
1556558794920125958,,27780,,1556558794,920055275,'',"[-0.0405944362282753, -0.08001150190830231, 0.07098444551229477, -0.04428878054022789, 0.0, 0.0, 0.0, 0.0]","[0, 0, 0, 0, 0, 0, 0, 0, 0, 0, 0]"
1556558794923203809,,27781,,1556558794,923060734,'',"[-0.0405944362282753, -0.10073196142911911, 0.07098444551229477, -0.04428878054022789, 0.0, 0.0, 0.0, 0.0]","[0, 0, 0, 0, 0, 0, 0, 0, 0, 0, 0]"
1556558794928219638,,27782,,1556558794,928095094,'',"[-0.02478906139731407, -0.10073196142911911, 0.07098444551229477, -0.04428878054022789, 0.0, 0.0, 0.0, 0.0]","[0, 0, 0, 0, 0, 0, 0, 0, 0, 0, 0]"
1556558794931137009,,27783,,1556558794,931062900,'',"[-0.0, -0.10073196142911911, 0.07098444551229477, -0.04428878054022789, 0.0, 0.0, 0.0, 0.0]","[0, 0, 0, 0, 0, 0, 0, 0, 0, 0, 0]"
1556558794936171911,,27784,,1556558794,936063252,'',"[-0.0, -0.1255965232849121, 0.07098444551229477, -0.04428878054022789, 0.0, 0.0, 0.0, 0.0]","[0, 0, 0, 0, 0, 0, 0, 0, 0, 0, 0]"
1556558794939174594,,27785,,1556558794,939115696,'',"[-0.0, -0.20847836136817932, 0.07098444551229477, -0.04428878054022789, 0.0, 0.0, 0.0, 0.0]","[0, 0, 0, 0, 0, 0, 0, 0, 0, 0, 0]"
1556558794944187650,,27786,,1556558794,944089413,'',"[0.0003421285655349493, -0.32036885619163513, 0.07098444551229477, -0.04428878054022789, 0.0, 0.0, 0.0, 0.0]","[0, 0, 0, 0, 0, 0, 0, 0, 0, 0, 0]"
1556558794947362256,,27787,,1556558794,947256708,'',"[0.0003421285655349493, -0.42811524868011475, 0.07098444551229477, -0.04428878054022789, 0.0, 0.0, 0.0, 0.0]","[0, 0, 0, 0, 0, 0, 0, 0, 0, 0, 0]"
1556558794952150363,,27788,,1556558794,952048581,'',"[0.01614750362932682, -0.548293948173523, 0.07098444551229477, -0.04428878054022789, 0.0, 0.0, 0.0, 0.0]","[0, 0, 0, 0, 0, 0, 0, 0, 0, 0, 0]"
1556558794955181900,,27789,,1556558794,955095283,'',"[0.01614750362932682, -0.6767607927322388, 0.07098444551229477, -0.04428878054022789, 0.0, 0.0, 0.0, 0.0]","[0, 0, 0, 0, 0, 0, 0, 0, 0, 0, 0]"
1556558794963126626,,27790,,1556558794,963056412,'',"[0.01614750362932682, -0.8010835647583008, 0.07098444551229477, -0.04428878054022789, 0.0, 0.0, 0.0, 0.0]","[0, 0, 0, 0, 0, 0, 0, 0, 0, 0, 0]"
1556558794968177544,,27791,,1556558794,968091213,'',"[0.01614750362932682, -0.9502708911895752, 0.07098444551229477, -0.04428878054022789, 0.0, 0.0, 0.0, 0.0]","[0, 0, 0, 0, 0, 0, 0, 0, 0, 0, 0]"
1556558794971182072,,27792,,1556558794,971114572,'',"[0.01614750362932682, -1.0, 0.07098444551229477, -0.04428878054022789, 0.0, 0.0, 0.0, 0.0]","[0, 0, 0, 0, 0, 0, 0, 0, 0, 0, 0]"
1556558794976280169,,27793,,1556558794,976126662,'',"[0.0003421285655349493, -1.0, 0.07098444551229477, -0.04428878054022789, 0.0, 0.0, 0.0, 0.0]","[0, 0, 0, 0, 0, 0, 0, 0, 0, 0, 0]"
1556558795027384535,,27794,,1556558795,27253230,'',"[-0.0, -1.0, 0.07098444551229477, -0.04428878054022789, 0.0, 0.0, 0.0, 0.0]","[0, 0, 0, 0, 0, 0, 0, 0, 0, 0, 0]"
1556558795032262233,,27795,,1556558795,32173612,'',"[-0.03664309158921242, -1.0, 0.07098444551229477, -0.04428878054022789, 0.0, 0.0, 0.0, 0.0]","[0, 0, 0, 0, 0, 0, 0, 0, 0, 0, 0]"
1556558795035197133,,27796,,1556558795,35100686,'',"[-0.11962131410837173, -1.0, 0.07098444551229477, -0.04428878054022789, 0.0, 0.0, 0.0, 0.0]","[0, 0, 0, 0, 0, 0, 0, 0, 0, 0, 0]"
1556558795040123278,,27797,,1556558795,40042000,'',"[-0.14332938194274902, -1.0, 0.07098444551229477, -0.04428878054022789, 0.0, 0.0, 0.0, 0.0]","[0, 0, 0, 0, 0, 0, 0, 0, 0, 0, 0]"
1556558795043164494,,27798,,1556558795,43070810,'',"[-0.16308610141277313, -1.0, 0.07098444551229477, -0.04428878054022789, 0.0, 0.0, 0.0, 0.0]","[0, 0, 0, 0, 0, 0, 0, 0, 0, 0, 0]"
1556558795112219116,,27799,,1556558795,112073484,'',"[-0.1472807228565216, -1.0, 0.07098444551229477, -0.04428878054022789, 0.0, 0.0, 0.0, 0.0]","[0, 0, 0, 0, 0, 0, 0, 0, 0, 0, 0]"
1556558795115177026,,27800,,1556558795,115067375,'',"[-0.08801056444644928, -1.0, 0.07098444551229477, -0.04428878054022789, 0.0, 0.0, 0.0, 0.0]","[0, 0, 0, 0, 0, 0, 0, 0, 0, 0, 0]"
1556558795120127200,,27801,,1556558795,120058060,'',"[-0.07615653425455093, -1.0, 0.07098444551229477, -0.04428878054022789, 0.0, 0.0, 0.0, 0.0]","[0, 0, 0, 0, 0, 0, 0, 0, 0, 0, 0]"
1556558795123102033,,27802,,1556558795,123040872,'',"[-0.02478906139731407, -0.9585590958595276, 0.07098444551229477, -0.04428878054022789, 0.0, 0.0, 0.0, 0.0]","[0, 0, 0, 0, 0, 0, 0, 0, 0, 0, 0]"
1556558795128160237,,27803,,1556558795,128059967,'',"[-0.02478906139731407, -0.8632449507713318, 0.07098444551229477, -0.04428878054022789, 0.0, 0.0, 0.0, 0.0]","[0, 0, 0, 0, 0, 0, 0, 0, 0, 0, 0]"
1556558795131191868,,27804,,1556558795,131098795,'',"[-0.0, -0.7720749378204346, 0.07098444551229477, -0.04428878054022789, 0.0, 0.0, 0.0, 0.0]","[0, 0, 0, 0, 0, 0, 0, 0, 0, 0, 0]"
1556558795136310619,,27805,,1556558795,136197625,'',"[-0.0, -0.6684725880622864, 0.07098444551229477, -0.04428878054022789, 0.0, 0.0, 0.0, 0.0]","[0, 0, 0, 0, 0, 0, 0, 0, 0, 0, 0]"
1556558795139101025,,27806,,1556558795,139044972,'',"[-0.0, -0.5400057435035706, 0.07098444551229477, -0.04428878054022789, 0.0, 0.0, 0.0, 0.0]","[0, 0, 0, 0, 0, 0, 0, 0, 0, 0, 0]"
1556558795144135820,,27807,,1556558795,144054174,'',"[-0.0, -0.41153889894485474, 0.07098444551229477, -0.04428878054022789, 0.0, 0.0, 0.0, 0.0]","[0, 0, 0, 0, 0, 0, 0, 0, 0, 0, 0]"
1556558795147356388,,27808,,1556558795,147275922,'',"[-0.0, -0.20847836136817932, 0.07098444551229477, -0.04428878054022789, 0.0, 0.0, 0.0, 0.0]","[0, 0, 0, 0, 0, 0, 0, 0, 0, 0, 0]"
1556558795155245128,,27809,,1556558795,155114878,'',"[-0.0, -0.10902014374732971, 0.07098444551229477, -0.04428878054022789, 0.0, 0.0, 0.0, 0.0]","[0, 0, 0, 0, 0, 0, 0, 0, 0, 0, 0]"
1556558795168240058,,27810,,1556558795,168123780,'',"[-0.0, -0.051002852618694305, 0.07098444551229477, -0.04428878054022789, 0.0, 0.0, 0.0, 0.0]","[0, 0, 0, 0, 0, 0, 0, 0, 0, 0, 0]"
1556558795171148276,,27811,,1556558795,171050643,'',"[-0.0, -0.038570575416088104, 0.07098444551229477, -0.04428878054022789, 0.0, 0.0, 0.0, 0.0]","[0, 0, 0, 0, 0, 0, 0, 0, 0, 0, 0]"
1556558795595254005,,27812,,1556558795,595144937,'',"[-0.0, -0.026138300076127052, 0.07098444551229477, -0.04428878054022789, 0.0, 0.0, 0.0, 0.0]","[0, 0, 0, 0, 0, 0, 0, 0, 0, 0, 0]"
1556558800202057900,,27813,,1556558800,201993300,'',"[-0.0, -0.026138300076127052, 0.07098444551229477, -0.04428878054022789, 0.0, 0.0, 0.0, 0.0]","[1, 0, 0, 0, 0, 0, 0, 0, 0, 0, 0]"
1556558800319459819,,27814,,1556558800,319181662,'',"[-0.0, -0.026138300076127052, 0.07098444551229477, -0.04428878054022789, 0.0, 0.0, 0.0, 0.0]","[0, 0, 0, 0, 0, 0, 0, 0, 0, 0, 0]"
1556558801120142844,,27815,,1556558801,120095299,'',"[-0.0, -0.09658786654472351, 0.07098444551229477, -0.04428878054022789, 0.0, 0.0, 0.0, 0.0]","[0, 0, 0, 0, 0, 0, 0, 0, 0, 0, 0]"
1556558801136192776,,27816,,1556558801,136091075,'',"[-0.0, -0.11316423863172531, 0.07098444551229477, -0.04428878054022789, 0.0, 0.0, 0.0, 0.0]","[0, 0, 0, 0, 0, 0, 0, 0, 0, 0, 0]"
1556558801144143899,,27817,,1556558801,144084459,'',"[0.024050191044807434, -0.11316423863172531, 0.07098444551229477, -0.04428878054022789, 0.0, 0.0, 0.0, 0.0]","[0, 0, 0, 0, 0, 0, 0, 0, 0, 0, 0]"
1556558801147235829,,27818,,1556558801,147076415,'',"[0.024050191044807434, -0.1297406107187271, 0.07098444551229477, -0.04428878054022789, 0.0, 0.0, 0.0, 0.0]","[0, 0, 0, 0, 0, 0, 0, 0, 0, 0, 0]"
1556558801152128529,,27819,,1556558801,152045839,'',"[0.024050191044807434, -0.1504610776901245, 0.07098444551229477, -0.04428878054022789, 0.0, 0.0, 0.0, 0.0]","[0, 0, 0, 0, 0, 0, 0, 0, 0, 0, 0]"
1556558801155132069,,27820,,1556558801,155071737,'',"[0.024050191044807434, -0.21262244880199432, 0.07098444551229477, -0.04428878054022789, 0.0, 0.0, 0.0, 0.0]","[0, 0, 0, 0, 0, 0, 0, 0, 0, 0, 0]"
1556558801160101016,,27821,,1556558801,160041148,'',"[0.04380691051483154, -0.23334291577339172, 0.07098444551229477, -0.04428878054022789, 0.0, 0.0, 0.0, 0.0]","[0, 0, 0, 0, 0, 0, 0, 0, 0, 0, 0]"
1556558801163170209,,27822,,1556558801,163096843,'',"[0.04380691051483154, -0.33280113339424133, 0.07098444551229477, -0.04428878054022789, 0.0, 0.0, 0.0, 0.0]","[0, 0, 0, 0, 0, 0, 0, 0, 0, 0, 0]"
1556558801168114032,,27823,,1556558801,168054818,'',"[0.05566094443202019, -0.35352158546447754, 0.07098444551229477, -0.04428878054022789, 0.0, 0.0, 0.0, 0.0]","[0, 0, 0, 0, 0, 0, 0, 0, 0, 0, 0]"
1556558801171212004,,27824,,1556558801,171126253,'',"[0.05566094443202019, -0.42397117614746094, 0.07098444551229477, -0.04428878054022789, 0.0, 0.0, 0.0, 0.0]","[0, 0, 0, 0, 0, 0, 0, 0, 0, 0, 0]"
1556558801176216169,,27825,,1556558801,176110567,'',"[0.05566094443202019, -0.502708911895752, 0.07098444551229477, -0.04428878054022789, 0.0, 0.0, 0.0, 0.0]","[0, 0, 0, 0, 0, 0, 0, 0, 0, 0, 0]"
1556558801179148846,,27826,,1556558801,179091430,'',"[0.05566094443202019, -0.5565820932388306, 0.07098444551229477, -0.04428878054022789, 0.0, 0.0, 0.0, 0.0]","[0, 0, 0, 0, 0, 0, 0, 0, 0, 0, 0]"
1556558801184227347,,27827,,1556558801,184097639,'',"[0.05566094443202019, -0.627031683921814, 0.07098444551229477, -0.04428878054022789, 0.0, 0.0, 0.0, 0.0]","[0, 0, 0, 0, 0, 0, 0, 0, 0, 0, 0]"
1556558801187158973,,27828,,1556558801,187019577,'',"[0.05566094443202019, -0.7140576243400574, 0.07098444551229477, -0.04428878054022789, 0.0, 0.0, 0.0, 0.0]","[0, 0, 0, 0, 0, 0, 0, 0, 0, 0, 0]"
1556558801192186039,,27829,,1556558801,192115632,'',"[0.05566094443202019, -0.7886512875556946, 0.07098444551229477, -0.04428878054022789, 0.0, 0.0, 0.0, 0.0]","[0, 0, 0, 0, 0, 0, 0, 0, 0, 0, 0]"
1556558801195217647,,27830,,1556558801,195061091,'',"[0.05566094443202019, -0.8549567461013794, 0.07098444551229477, -0.04428878054022789, 0.0, 0.0, 0.0, 0.0]","[0, 0, 0, 0, 0, 0, 0, 0, 0, 0, 0]"
1556558801200132239,,27831,,1556558801,200058927,'',"[0.05566094443202019, -0.9627031683921814, 0.07098444551229477, -0.04428878054022789, 0.0, 0.0, 0.0, 0.0]","[0, 0, 0, 0, 0, 0, 0, 0, 0, 0, 0]"
1556558801203091825,,27832,,1556558801,203036348,'',"[0.05566094443202019, -1.0, 0.07098444551229477, -0.04428878054022789, 0.0, 0.0, 0.0, 0.0]","[0, 0, 0, 0, 0, 0, 0, 0, 0, 0, 0]"
1556558801211163041,,27833,,1556558801,211043975,'',"[0.03590422496199608, -1.0, 0.07098444551229477, -0.04428878054022789, 0.0, 0.0, 0.0, 0.0]","[0, 0, 0, 0, 0, 0, 0, 0, 0, 0, 0]"
1556558801376254225,,27834,,1556558801,376124084,'',"[0.03590422496199608, -0.9502708911895752, 0.07098444551229477, -0.04428878054022789, 0.0, 0.0, 0.0, 0.0]","[0, 0, 0, 0, 0, 0, 0, 0, 0, 0, 0]"
1556558801379118062,,27835,,1556558801,379060260,'',"[0.03590422496199608, -0.8715331554412842, 0.07098444551229477, -0.04428878054022789, 0.0, 0.0, 0.0, 0.0]","[0, 0, 0, 0, 0, 0, 0, 0, 0, 0, 0]"
1556558801384322355,,27836,,1556558801,384160037,'',"[0.03590422496199608, -0.751354455947876, 0.07098444551229477, -0.04428878054022789, 0.0, 0.0, 0.0, 0.0]","[0, 0, 0, 0, 0, 0, 0, 0, 0, 0, 0]"
1556558801387509326,,27837,,1556558801,387376919,'',"[0.03590422496199608, -0.643608033657074, 0.07098444551229477, -0.04428878054022789, 0.0, 0.0, 0.0, 0.0]","[0, 0, 0, 0, 0, 0, 0, 0, 0, 0, 0]"
1556558801392180486,,27838,,1556558801,392082186,'',"[0.03590422496199608, -0.43640345335006714, 0.07098444551229477, -0.04428878054022789, 0.0, 0.0, 0.0, 0.0]","[0, 0, 0, 0, 0, 0, 0, 0, 0, 0, 0]"
1556558801395218077,,27839,,1556558801,395123693,'',"[0.03590422496199608, -0.19190199673175812, 0.07098444551229477, -0.04428878054022789, 0.0, 0.0, 0.0, 0.0]","[0, 0, 0, 0, 0, 0, 0, 0, 0, 0, 0]"
1556558801400145241,,27840,,1556558801,400055406,'',"[0.03590422496199608, -0.026138300076127052, 0.07098444551229477, -0.04428878054022789, 0.0, 0.0, 0.0, 0.0]","[0, 0, 0, 0, 0, 0, 0, 0, 0, 0, 0]"
1556558801415111821,,27841,,1556558801,414998500,'',"[0.03590422496199608, -0.026138300076127052, 0.07098444551229477, -0.04428878054022789, 0.0, 0.0, 0.0, 0.0]","[1, 0, 0, 0, 0, 0, 0, 0, 0, 0, 0]"
1556558801456232006,,27842,,1556558801,456105038,'',"[0.03590422496199608, -0.013706022873520851, 0.07098444551229477, -0.04428878054022789, 0.0, 0.0, 0.0, 0.0]","[1, 0, 0, 0, 0, 0, 0, 0, 0, 0, 0]"
1556558801530157056,,27843,,1556558801,530055093,'',"[0.03590422496199608, -0.013706022873520851, 0.07098444551229477, -0.04428878054022789, 0.0, 0.0, 0.0, 0.0]","[0, 0, 0, 0, 0, 0, 0, 0, 0, 0, 0]"
1556558803279055642,,27844,,1556558803,278994272,'',"[0.03590422496199608, -0.013706022873520851, 0.07098444551229477, -0.04428878054022789, 0.0, 0.0, 0.0, 0.0]","[1, 0, 0, 0, 0, 0, 0, 0, 0, 0, 0]"
1556558803399055974,,27845,,1556558803,398994825,'',"[0.03590422496199608, -0.013706022873520851, 0.07098444551229477, -0.04428878054022789, 0.0, 0.0, 0.0, 0.0]","[0, 0, 0, 0, 0, 0, 0, 0, 0, 0, 0]"
1556558805351200648,,27846,,1556558805,351015848,'',"[0.03590422496199608, -0.013706022873520851, 0.07098444551229477, -0.04428878054022789, 0.0, 0.0, 0.0, 0.0]","[1, 0, 0, 0, 0, 0, 0, 0, 0, 0, 0]"
1556558805463303396,,27847,,1556558805,463095548,'',"[0.03590422496199608, -0.013706022873520851, 0.07098444551229477, -0.04428878054022789, 0.0, 0.0, 0.0, 0.0]","[0, 0, 0, 0, 0, 0, 0, 0, 0, 0, 0]"
1556558808239062340,,27848,,1556558808,238997778,'',"[0.03590422496199608, -0.013706022873520851, 0.07098444551229477, -0.04428878054022789, 0.0, 0.0, 0.0, 0.0]","[1, 0, 0, 0, 0, 0, 0, 0, 0, 0, 0]"
1556558808375152319,,27849,,1556558808,375045544,'',"[0.03590422496199608, -0.013706022873520851, 0.07098444551229477, -0.04428878054022789, 0.0, 0.0, 0.0, 0.0]","[0, 0, 0, 0, 0, 0, 0, 0, 0, 0, 0]"
1556558809691284866,,27850,,1556558809,691136462,'',"[0.03590422496199608, -0.001273746252991259, 0.07098444551229477, -0.04428878054022789, 0.0, 0.0, 0.0, 0.0]","[0, 0, 0, 0, 0, 0, 0, 0, 0, 0, 0]"
1556558811243128821,,27851,,1556558811,243059367,'',"[0.03590422496199608, -0.0, 0.07098444551229477, -0.04428878054022789, 0.0, 0.0, 0.0, 0.0]","[0, 0, 0, 0, 0, 0, 0, 0, 0, 0, 0]"
1556558811247103666,,27852,,1556558811,246996968,'',"[0.03590422496199608, -0.0, 0.07098444551229477, -0.04428878054022789, 0.0, 0.0, 0.0, 0.0]","[1, 0, 0, 0, 0, 0, 0, 0, 0, 0, 0]"
1556558811352371675,,27853,,1556558811,352205841,'',"[0.03590422496199608, -0.0, 0.07098444551229477, -0.04428878054022789, 0.0, 0.0, 0.0, 0.0]","[1, 0, 0, 0, 0, 0, 0, 0, 0, 0, 0]"
1556558811386169266,,27854,,1556558811,386071483,'',"[0.03590422496199608, -0.0, 0.07098444551229477, -0.04428878054022789, 0.0, 0.0, 0.0, 0.0]","[0, 0, 0, 0, 0, 0, 0, 0, 0, 0, 0]"
1556558811411265000,,27855,,1556558811,411148623,'',"[0.03590422496199608, -0.0, 0.07098444551229477, -0.04428878054022789, 0.0, 0.0, 0.0, 0.0]","[0, 0, 0, 0, 0, 0, 0, 0, 0, 0, 0]"
1556558812274171066,,27856,,1556558812,274049594,'',"[0.03590422496199608, -0.0, 0.07098444551229477, -0.04428878054022789, 0.0, 0.0, 0.0, 0.0]","[1, 0, 0, 0, 0, 0, 0, 0, 0, 0, 0]"
1556558812402069133,,27857,,1556558812,401998291,'',"[0.03590422496199608, -0.0, 0.07098444551229477, -0.04428878054022789, 0.0, 0.0, 0.0, 0.0]","[0, 0, 0, 0, 0, 0, 0, 0, 0, 0, 0]"
1556558814242098078,,27858,,1556558814,242002784,'',"[0.03590422496199608, -0.0, 0.07098444551229477, -0.04428878054022789, 0.0, 0.0, 0.0, 0.0]","[1, 0, 0, 0, 0, 0, 0, 0, 0, 0, 0]"
1556558814391178846,,27859,,1556558814,391074402,'',"[0.03590422496199608, -0.0, 0.07098444551229477, -0.04428878054022789, 0.0, 0.0, 0.0, 0.0]","[0, 0, 0, 0, 0, 0, 0, 0, 0, 0, 0]"
1556558817704217300,,27860,,1556558817,704114382,'',"[0.020098848268389702, -0.0, 0.07098444551229477, -0.04428878054022789, 0.0, 0.0, 0.0, 0.0]","[0, 0, 0, 0, 0, 0, 0, 0, 0, 0, 0]"
1556558819330205010,,27861,,1556558819,330092175,'',"[0.020098848268389702, -0.0, 0.07098444551229477, -0.04428878054022789, 0.0, 0.0, 0.0, 0.0]","[1, 0, 0, 0, 0, 0, 0, 0, 0, 0, 0]"
1556558819487162871,,27862,,1556558819,487025266,'',"[0.020098848268389702, -0.0, 0.07098444551229477, -0.04428878054022789, 0.0, 0.0, 0.0, 0.0]","[0, 0, 0, 0, 0, 0, 0, 0, 0, 0, 0]"
1556558820651241874,,27863,,1556558820,651082169,'',"[0.0003421285655349493, -0.0, 0.07098444551229477, -0.04428878054022789, 0.0, 0.0, 0.0, 0.0]","[0, 0, 0, 0, 0, 0, 0, 0, 0, 0, 0]"
1556558820664286135,,27864,,1556558820,664134937,'',"[-0.0, -0.0, 0.07098444551229477, -0.04428878054022789, 0.0, 0.0, 0.0, 0.0]","[0, 0, 0, 0, 0, 0, 0, 0, 0, 0, 0]"
1556558820667280519,,27865,,1556558820,667117540,'',"[-0.0, -0.0, 0.07098444551229477, -0.04428878054022789, 0.0, 0.0, 0.0, 0.0]","[0, 0, 0, 0, 0, 0, 0, 0, 0, 0, 0]"
1556558820699192591,,27866,,1556558820,699081781,'',"[-0.0, -0.0, 0.07098444551229477, -0.04428878054022789, 0.0, 0.0, 0.0, 0.0]","[0, 0, 0, 0, 0, 0, 0, 0, 0, 0, 0]"
1556558820810142806,,27867,,1556558820,810004868,'',"[-0.0, -0.0, 0.07098444551229477, -0.04428878054022789, 0.0, 0.0, 0.0, 0.0]","[0, 0, 0, 0, 0, 0, 0, 0, 0, 1, 0]"
1556558820811158114,,27868,,1556558820,811100299,'',"[-0.0, -0.0, 0.07098444551229477, -0.04428878054022789, 0.0, 0.0, 0.0, 0.0]","[0, 0, 0, 0, 0, 0, 0, 0, 0, 1, 0]"
1556558820827347386,,27869,,1556558820,827138539,'',"[-0.0, -0.0, 0.07098444551229477, -0.04428878054022789, 0.0, 0.0, 0.0, 0.0]","[0, 0, 0, 0, 0, 0, 0, 0, 0, 1, 0]"
1556558820859170882,,27870,,1556558820,859072407,'',"[-0.0, -0.013706022873520851, 0.07098444551229477, -0.04428878054022789, 0.0, 0.0, 0.0, 0.0]","[0, 0, 0, 0, 0, 0, 0, 0, 0, 1, 0]"
1556558820927190715,,27871,,1556558820,927076176,'',"[-0.0, -0.013706022873520851, 0.07098444551229477, -0.04428878054022789, 0.0, 0.0, 0.0, 0.0]","[0, 0, 0, 0, 0, 0, 0, 0, 0, 0, 0]"
1556558820939247501,,27872,,1556558820,939166161,'',"[-0.0, -0.0, 0.07098444551229477, -0.04428878054022789, 0.0, 0.0, 0.0, 0.0]","[0, 0, 0, 0, 0, 0, 0, 0, 0, 0, 0]"
1556558820947225667,,27873,,1556558820,947110786,'',"[-0.0, -0.0, 0.07098444551229477, -0.04428878054022789, 0.0, 0.0, 0.0, 0.0]","[0, 0, 0, 0, 0, 0, 0, 0, 0, 0, 0]"
1556558820955104038,,27874,,1556558820,955033307,'',"[-0.0010809977538883686, -0.0, 0.07098444551229477, -0.04428878054022789, 0.0, 0.0, 0.0, 0.0]","[0, 0, 0, 0, 0, 0, 0, 0, 0, 0, 0]"
1556558820963171158,,27875,,1556558820,963068162,'',"[-0.04849712550640106, -0.0, 0.07098444551229477, -0.04428878054022789, 0.0, 0.0, 0.0, 0.0]","[0, 0, 0, 0, 0, 0, 0, 0, 0, 0, 0]"
1556558821003128327,,27876,,1556558821,3058035,'',"[-0.032691746950149536, -0.0, 0.07098444551229477, -0.04428878054022789, 0.0, 0.0, 0.0, 0.0]","[0, 0, 0, 0, 0, 0, 0, 0, 0, 0, 0]"
1556558821011276733,,27877,,1556558821,11147979,'',"[-0.0050323414616286755, -0.0, 0.07098444551229477, -0.04428878054022789, 0.0, 0.0, 0.0, 0.0]","[0, 0, 0, 0, 0, 0, 0, 0, 0, 0, 0]"
1556558821019200368,,27878,,1556558821,19065345,'',"[-0.0050323414616286755, -0.0, 0.07098444551229477, -0.04428878054022789, 0.0, 0.0, 0.0, 0.0]","[0, 0, 0, 0, 0, 0, 0, 0, 0, 0, 0]"
1556558821035259171,,27879,,1556558821,35120670,'',"[-0.0050323414616286755, -0.0, 0.07098444551229477, -0.04428878054022789, 0.0, 0.0, 0.0, 0.0]","[0, 0, 0, 0, 0, 0, 0, 0, 0, 0, 0]"
1556558821043280813,,27880,,1556558821,43121266,'',"[-0.0050323414616286755, -0.0, 0.07098444551229477, -0.04428878054022789, 0.0, 0.0, 0.0, 0.0]","[0, 0, 0, 0, 0, 0, 0, 0, 0, 0, 0]"
1556558821051357769,,27881,,1556558821,51180312,'',"[-0.0050323414616286755, -0.0, 0.07098444551229477, -0.04428878054022789, 0.0, 0.0, 0.0, 0.0]","[0, 0, 0, 0, 0, 0, 0, 0, 0, 0, 0]"
1556558821083132781,,27882,,1556558821,83061328,'',"[-0.0050323414616286755, -0.013706022873520851, 0.07098444551229477, -0.04428878054022789, 0.0, 0.0, 0.0, 0.0]","[0, 0, 0, 0, 0, 0, 0, 0, 0, 0, 0]"
1556558821147241976,,27883,,1556558821,147088612,'',"[-0.0, -0.013706022873520851, 0.07098444551229477, -0.04428878054022789, 0.0, 0.0, 0.0, 0.0]","[0, 0, 0, 0, 0, 0, 0, 0, 0, 0, 0]"
1556558823234275885,,27884,,1556558823,234085140,'',"[-0.0, -0.013706022873520851, 0.07098444551229477, -0.04428878054022789, 0.0, 0.0, 0.0, 0.0]","[1, 0, 0, 0, 0, 0, 0, 0, 0, 0, 0]"
1556558823362077919,,27885,,1556558823,362008823,'',"[-0.0, -0.013706022873520851, 0.07098444551229477, -0.04428878054022789, 0.0, 0.0, 0.0, 0.0]","[0, 0, 0, 0, 0, 0, 0, 0, 0, 0, 0]"
1556558829266217526,,27886,,1556558829,266084423,'',"[-0.0, -0.013706022873520851, 0.07098444551229477, -0.04428878054022789, 0.0, 0.0, 0.0, 0.0]","[1, 0, 0, 0, 0, 0, 0, 0, 0, 0, 0]"
1556558829426142762,,27887,,1556558829,426042774,'',"[-0.0, -0.013706022873520851, 0.07098444551229477, -0.04428878054022789, 0.0, 0.0, 0.0, 0.0]","[0, 0, 0, 0, 0, 0, 0, 0, 0, 0, 0]"
1556558829811251217,,27888,,1556558829,811142562,'',"[-0.0, -0.030282393097877502, 0.07098444551229477, -0.04428878054022789, 0.0, 0.0, 0.0, 0.0]","[0, 0, 0, 0, 0, 0, 0, 0, 0, 0, 0]"
1556558830075288051,,27889,,1556558830,75154905,'',"[-0.0, -0.013706022873520851, 0.07098444551229477, -0.04428878054022789, 0.0, 0.0, 0.0, 0.0]","[0, 0, 0, 0, 0, 0, 0, 0, 0, 0, 0]"
