rosbagTimestamp,data
1556556517752218099,0.0
1556556517772121136,0.0
1556556517792234904,0.0
1556556517812402053,0.0
1556556517832160729,0.0
1556556517852380973,0.0
1556556517872036255,0.0
1556556517892153836,0.0
1556556517912128925,0.0
1556556517932221289,0.0
1556556517952041134,0.0
1556556517972037568,0.0
1556556517992146548,0.0
1556556518012008121,0.0
1556556518031979376,0.0
1556556518052091654,0.0
1556556518074818937,0.0
1556556518094445006,0.0
1556556518112569716,0.0
1556556518132285801,0.0
1556556518152092656,0.0
1556556518172553246,0.0
1556556518192131880,0.0
1556556518212049169,0.0
1556556518232038671,0.0
1556556518252111146,0.0
1556556518272155278,0.0
1556556518292081767,0.0
1556556518312071532,0.0
1556556518332119888,0.0
1556556518352196812,0.0
1556556518372122710,0.0
1556556518392160441,0.0
1556556518412101061,0.0
1556556518432202126,0.0
1556556518452190574,0.0
1556556518472033370,0.0
1556556518492242110,0.0
1556556518512509312,0.0
1556556518532247252,0.0
1556556518552075995,0.0
1556556518572154304,0.0
1556556518592079992,0.0
1556556518612211022,0.0
1556556518631999810,0.0
1556556518652144890,0.0
1556556518672111814,0.0
1556556518692086117,0.0
1556556518712111574,0.0
1556556518732228502,0.0
1556556518752019300,0.0
1556556518772111335,0.0
1556556518792126430,0.0
1556556518812259513,0.0
1556556518832021152,0.0
1556556518852178885,0.0
1556556518872112914,0.0
1556556518892102475,0.0
1556556518912305058,0.0
1556556518932066109,0.0
1556556518952096497,0.0
1556556518972070833,0.0
1556556518992207657,0.0
1556556519012120895,0.0
1556556519032440981,0.0
1556556519052196492,0.0
1556556519072102684,0.0
1556556519092067501,0.0
1556556519112192549,0.0
1556556519132185795,0.0
1556556519152108720,0.0
1556556519172065887,0.0
1556556519192205078,0.0
1556556519212137088,0.0
1556556519232272562,0.0
1556556519252272850,0.0
1556556519272207934,0.0
1556556519292051630,0.0
1556556519312206356,0.0
1556556519332226635,0.0
1556556519352162989,0.0
1556556519372041882,0.0
1556556519392030108,0.0
1556556519412225119,0.0
1556556519432367744,11.2797622681
1556556519452066819,28.9957561493
1556556519472116325,40.8064231873
1556556519494495324,49.1982040405
1556556519514033560,52.9278869629
1556556519534005068,55.725151062
1556556519552289093,56.9683799744
1556556519572322573,56.9683799744
1556556519592299870,56.9683799744
1556556519612114794,56.9683799744
1556556519632225983,56.9683799744
1556556519652161334,46.4009475708
1556556519672192889,36.4551239014
1556556519692047837,13.7662162781
1556556519712083585,0.0
1556556519732060742,0.0
1556556519752110083,0.0
1556556519771997199,0.0
1556556519792067414,0.0
1556556519812035457,0.0
1556556519832026017,0.0
1556556519852066931,0.0
1556556519872162612,10.0365333557
1556556519892054109,15.941865921
1556556519912217164,23.4012317657
1556556519931965552,27.1309146881
1556556519952084819,29.3065624237
1556556519972028894,30.2389831543
1556556519992000840,31.1714038849
1556556520012218820,32.1038246155
1556556520032151332,32.1038246155
1556556520052156856,32.1038246155
1556556520072121503,32.1038246155
1556556520092191492,32.1038246155
1556556520112064705,32.1038246155
1556556520132072980,32.1038246155
1556556520152071022,32.1038246155
1556556520172309185,30.8605976105
1556556520192258988,30.8605976105
1556556520212364880,29.6173706055
1556556520232318289,29.6173706055
1556556520252126179,29.6173706055
1556556520272170661,29.6173706055
1556556520292256282,29.6173706055
1556556520312134249,29.6173706055
1556556520332231830,29.6173706055
1556556520352128158,29.6173706055
1556556520372020266,29.6173706055
1556556520392075736,29.6173706055
1556556520412101378,29.6173706055
1556556520432287011,29.6173706055
1556556520452196303,29.6173706055
1556556520472043469,29.6173706055
1556556520492163558,29.6173706055
1556556520512189783,29.6173706055
1556556520532070716,29.6173706055
1556556520552037183,29.6173706055
1556556520572092560,29.6173706055
1556556520592129426,27.1309146881
1556556520612136233,16.8742866516
1556556520632200320,13.4554100037
1556556520652095665,0.0
1556556520672199756,0.0
1556556520692182328,0.0
1556556520712255926,0.0
1556556520732151112,0.0
1556556520752172231,0.0
1556556520772153532,0.0
1556556520792236347,0.0
1556556520812076695,0.0
1556556520832079299,0.0
1556556520852047041,0.0
1556556520872162894,0.0
1556556520892199014,0.0
1556556520912268170,0.0
1556556520932132438,0.0
1556556520952023003,0.0
1556556520972175001,0.0
1556556520992022933,0.0
1556556521012037542,0.0
1556556521032114196,0.0
1556556521052272419,0.0
1556556521072130513,0.0
1556556521092160279,0.0
1556556521112239292,0.0
1556556521132045809,0.0
1556556521152199577,0.0
1556556521172136115,0.0
1556556521192062035,0.0
1556556521212181923,0.0
1556556521232118551,0.0
1556556521252208841,0.0
1556556521272061426,0.0
1556556521292103794,0.0
1556556521312017316,0.0
1556556521332330853,0.0
1556556521352191116,0.0
1556556521372067265,0.0
1556556521392254770,0.0
1556556521412333209,0.0
1556556521432094460,0.0
1556556521452233580,0.0
1556556521472244039,0.0
1556556521492183927,0.0
1556556521512056678,0.0
1556556521532197896,0.0
1556556521552149369,0.0
1556556521572069369,0.0
1556556521592224212,0.0
1556556521612183441,0.0
1556556521632206688,0.0
1556556521652178990,0.0
1556556521672359303,12.2121829987
1556556521692187882,22.1580028534
1556556521712061475,26.8201084137
1556556521732071664,30.2389831543
1556556521752256453,31.1714038849
1556556521772176287,31.1714038849
1556556521792213879,31.1714038849
1556556521812158745,31.1714038849
1556556521832155770,31.1714038849
1556556521852196154,31.1714038849
1556556521872238438,31.1714038849
1556556521892240777,31.1714038849
1556556521912211116,31.1714038849
1556556521932156259,31.1714038849
1556556521952077594,31.1714038849
1556556521972225724,31.1714038849
1556556521992212626,28.6849498749
1556556522012253190,25.8876876831
1556556522033936625,24.6444587708
1556556522053490895,23.4012317657
1556556522072798716,22.1580028534
1556556522092227204,20.9147777557
1556556522112443532,20.9147777557
1556556522132290481,20.9147777557
1556556522152083703,20.9147777557
1556556522172106704,20.9147777557
1556556522192181981,20.9147777557
1556556522212091482,20.9147777557
1556556522232051424,20.9147777557
1556556522252289620,20.9147777557
1556556522272096058,20.9147777557
1556556522292245627,20.9147777557
1556556522312113881,20.9147777557
1556556522332044542,20.9147777557
1556556522352151140,20.9147777557
1556556522372078772,20.9147777557
1556556522392062263,20.9147777557
1556556522412045245,20.9147777557
1556556522432120221,20.9147777557
1556556522453984288,20.9147777557
1556556522474025145,20.9147777557
1556556522492751666,20.9147777557
1556556522512239461,20.9147777557
1556556522532238112,19.6715488434
1556556522552341927,19.6715488434
1556556522572088065,19.6715488434
1556556522592057638,18.428319931
1556556522612079780,17.185092926
1556556522632148918,15.941865921
1556556522652183447,15.941865921
1556556522672077189,15.941865921
1556556522692092250,15.941865921
1556556522712176577,15.941865921
1556556522732101661,15.941865921
1556556522752065125,15.941865921
1556556522771954803,15.941865921
1556556522792260291,15.941865921
1556556522812042253,15.941865921
1556556522832442565,15.941865921
1556556522852259386,15.941865921
1556556522872138205,15.941865921
1556556522892123632,15.941865921
1556556522912182114,15.941865921
1556556522932413949,15.941865921
1556556522952251044,15.941865921
1556556522972083132,15.941865921
1556556522992011404,15.941865921
1556556523012188547,15.941865921
1556556523032302909,15.941865921
1556556523052245112,15.941865921
1556556523071998835,15.941865921
1556556523092149973,15.941865921
1556556523111974051,15.941865921
1556556523132075959,15.941865921
1556556523152284300,15.941865921
1556556523172088702,15.941865921
1556556523192083568,15.941865921
1556556523212091418,15.941865921
1556556523232085872,15.941865921
1556556523252051558,15.941865921
1556556523272267294,15.941865921
1556556523292027822,15.941865921
1556556523312046052,15.941865921
1556556523332255329,15.941865921
1556556523352107949,15.941865921
1556556523372078235,15.941865921
1556556523392119115,15.941865921
1556556523412253439,15.941865921
1556556523432257347,15.941865921
1556556523452135306,15.941865921
1556556523472246396,15.941865921
1556556523494490107,15.941865921
1556556523514419995,15.941865921
1556556523532950319,15.941865921
1556556523552205892,15.941865921
1556556523572001644,15.941865921
1556556523592153507,15.941865921
1556556523612270436,15.941865921
1556556523632099935,15.941865921
1556556523652087440,15.941865921
1556556523672076579,15.941865921
1556556523692074782,15.941865921
1556556523711998913,15.941865921
1556556523732060225,15.941865921
1556556523752003010,15.941865921
1556556523774094318,15.941865921
1556556523793934560,15.941865921
1556556523813408020,15.941865921
1556556523832451676,15.941865921
1556556523852349043,15.941865921
1556556523872388595,15.941865921
1556556523892157142,15.941865921
1556556523912272002,15.941865921
1556556523932350287,15.941865921
1556556523952351641,15.941865921
1556556523972242548,15.941865921
1556556523995764791,15.941865921
1556556524012720279,15.941865921
1556556524032067069,15.941865921
1556556524052224302,15.941865921
1556556524072054128,15.941865921
1556556524092235801,15.941865921
1556556524114915085,15.941865921
1556556524132482532,15.941865921
1556556524152178423,15.941865921
1556556524172474672,15.941865921
1556556524192334571,15.941865921
1556556524212150722,15.941865921
1556556524234273471,15.941865921
1556556524253852617,15.941865921
1556556524273165383,15.941865921
1556556524292504667,15.941865921
1556556524312192405,15.941865921
1556556524332247652,15.941865921
1556556524352370962,15.941865921
1556556524372073169,15.941865921
1556556524391989613,15.941865921
1556556524412278137,15.941865921
1556556524432463974,15.941865921
1556556524452228422,15.941865921
1556556524472226823,15.941865921
1556556524492376378,15.941865921
1556556524512128493,15.941865921
1556556524532151511,15.941865921
1556556524552087373,15.941865921
1556556524572135903,15.941865921
1556556524592084407,15.941865921
1556556524612155214,15.941865921
1556556524632025485,15.941865921
1556556524652146049,15.941865921
1556556524672303813,15.941865921
1556556524692087853,15.941865921
1556556524712027295,15.941865921
1556556524732246295,15.941865921
1556556524752156941,15.941865921
1556556524772104015,15.941865921
1556556524792088304,15.941865921
1556556524812411504,15.941865921
1556556524832165865,15.941865921
1556556524852350487,15.941865921
1556556524872028266,15.941865921
1556556524892065190,15.941865921
1556556524912199491,15.941865921
1556556524932195048,15.941865921
1556556524952312174,15.941865921
1556556524972139827,15.941865921
1556556524992162670,15.941865921
1556556525012161646,15.941865921
1556556525032063146,15.941865921
1556556525052139216,15.941865921
1556556525072185545,15.941865921
1556556525092139686,15.941865921
1556556525112337188,15.941865921
1556556525132342173,15.941865921
1556556525152085542,15.941865921
1556556525172136211,15.941865921
1556556525192085800,15.941865921
1556556525212154687,15.941865921
1556556525232149438,15.941865921
1556556525252021761,18.1175136566
1556556525272265052,19.3607406616
1556556525292176389,20.2931613922
1556556525312119334,20.2931613922
1556556525332116653,20.2931613922
1556556525352078988,20.2931613922
1556556525372162615,20.2931613922
1556556525392261723,20.2931613922
1556556525411982575,20.2931613922
1556556525431988960,20.2931613922
1556556525452076744,20.2931613922
1556556525472257977,17.185092926
1556556525492248691,13.4554100037
1556556525512123216,13.4554100037
1556556525532161495,7.86088514328
1556556525552066207,0.0
1556556525572363138,0.0
1556556525592172615,0.0
1556556525612032212,0.0
1556556525632092764,0.0
1556556525652202753,0.0
1556556525674707431,0.0
1556556525692798865,0.0
1556556525712174142,0.0
1556556525732129223,0.0
1556556525754882582,0.0
1556556525772650255,0.0
1556556525792196589,0.0
1556556525812115208,0.0
1556556525832163664,0.0
1556556525852015398,0.0
1556556525872330042,0.0
1556556525892209037,0.0
1556556525912078564,0.0
1556556525932151731,0.0
1556556525952154068,0.0
1556556525972099432,0.0
1556556525992319784,0.0
1556556526012084000,0.0
1556556526032043885,0.0
1556556526052215291,0.0
1556556526071988889,0.0
1556556526092138953,0.0
1556556526112098756,0.0
1556556526132197068,0.0
1556556526152098140,0.0
1556556526172030128,0.0
1556556526192126555,0.0
1556556526212003218,0.0
1556556526232075711,0.0
1556556526252048723,0.0
1556556526272175385,0.0
1556556526292131423,0.0
1556556526312212782,0.0
1556556526332068871,0.0
1556556526352242362,0.0
1556556526372101265,0.0
1556556526392099090,0.0
1556556526412296932,0.0
1556556526432194444,0.0
1556556526452148374,0.0
1556556526472173989,0.0
1556556526492060807,0.0
1556556526512298599,0.0
1556556526532033207,0.0
1556556526552060453,0.0
1556556526572215092,0.0
1556556526592060413,0.0
1556556526612355420,0.0
1556556526633996666,0.0
1556556526652802621,0.0
1556556526672549634,0.0
1556556526692178542,0.0
1556556526712136446,0.0
1556556526732037561,0.0
1556556526752129821,0.0
1556556526772082149,0.0
1556556526792028378,0.0
1556556526812101933,0.0
1556556526831992254,0.0
1556556526852094030,0.0
1556556526872143443,0.0
1556556526892241847,0.0
1556556526912252024,0.0
1556556526932286735,0.0
1556556526952323049,0.0
1556556526972433951,0.0
1556556526991958502,0.0
1556556527012064047,0.0
1556556527032173745,0.0
1556556527052322095,0.0
1556556527074621193,0.0
1556556527094217048,0.0
1556556527112866436,0.0
1556556527132291174,0.0
1556556527152240433,0.0
1556556527172719614,0.0
1556556527192244495,0.0
1556556527212157290,0.0
1556556527232079249,0.0
1556556527252008851,0.0
1556556527272131440,0.0
1556556527292153458,0.0
1556556527312160921,0.0
1556556527332173882,0.0
1556556527352267467,0.0
1556556527372019721,0.0
1556556527392351291,0.0
1556556527412309965,0.0
1556556527432148885,0.0
1556556527452432513,0.0
1556556527472132269,0.0
1556556527492180879,0.0
1556556527512201451,0.0
1556556527532199826,0.0
1556556527552262153,0.0
1556556527572174664,0.0
1556556527592156351,0.0
1556556527612073382,0.0
1556556527632239197,0.0
1556556527652048885,0.0
1556556527672012030,0.0
1556556527692135500,0.0
1556556527712118443,0.0
1556556527732041492,0.0
1556556527752213792,0.0
1556556527772196736,0.0
1556556527792195466,0.0
1556556527812100993,0.0
1556556527832038210,0.0
1556556527852108158,0.0
1556556527871949819,0.0
1556556527891932070,0.0
1556556527912061077,0.0
1556556527932209107,0.0
1556556527952020571,0.0
1556556527972265226,0.0
1556556527992177068,0.0
1556556528012355782,0.0
1556556528032410862,0.0
1556556528052114281,0.0
1556556528072188268,0.0
1556556528092167613,0.0
1556556528112283332,0.0
1556556528132317664,0.0
1556556528152161608,0.0
1556556528172052975,0.0
1556556528192225367,0.0
1556556528212222132,0.0
1556556528232185101,0.0
1556556528252089390,0.0
1556556528272124988,0.0
1556556528292265034,0.0
1556556528312055460,10.9689540863
1556556528332123402,19.6715488434
1556556528352448441,21.847196579
1556556528372215613,22.7796173096
1556556528392084674,22.7796173096
1556556528412165008,22.7796173096
1556556528432116749,22.7796173096
1556556528452170169,22.7796173096
1556556528472118807,22.7796173096
1556556528492079210,22.7796173096
1556556528511971750,17.8067073822
1556556528532064207,13.4554100037
1556556528552136415,0.0
1556556528574274131,0.0
1556556528594441510,0.0
1556556528613075607,0.0
1556556528632773720,0.0
1556556528652284700,0.0
1556556528672283097,0.0
1556556528692278481,0.0
1556556528712146102,0.0
1556556528732038148,0.0
1556556528752123487,0.0
1556556528772347413,0.0
1556556528792084033,0.0
1556556528812108222,0.0
1556556528832144428,0.0
1556556528852016710,0.0
1556556528872035225,10.9689540863
1556556528892110557,12.8337955475
1556556528912198234,14.6986370087
1556556528932278450,15.6310577393
1556556528952128809,16.8742866516
1556556528972173594,16.8742866516
1556556528992225723,16.8742866516
1556556529012168358,16.8742866516
1556556529032095395,12.5229892731
1556556529052145744,0.0
1556556529072034159,0.0
1556556529092322322,0.0
1556556529112182927,0.0
1556556529132084501,0.0
1556556529152149121,0.0
1556556529172190082,0.0
1556556529192269980,0.0
1556556529212087806,0.0
1556556529232025994,0.0
1556556529252214356,0.0
1556556529272202646,0.0
1556556529292116321,0.0
1556556529314175525,0.0
1556556529334650649,0.0
1556556529352657574,0.0
1556556529372439007,11.9013748169
1556556529392471958,22.1580028534
1556556529412254213,28.3741416931
1556556529432307310,30.8605976105
1556556529452153580,33.0362472534
1556556529472076498,33.0362472534
1556556529492269316,33.0362472534
1556556529512085826,33.0362472534
1556556529532044591,33.0362472534
1556556529552199075,33.0362472534
1556556529571953058,25.2660732269
1556556529592041960,16.2526721954
1556556529612025322,8.48249912262
1556556529632177568,0.0
1556556529652145878,0.0
1556556529672441263,0.0
1556556529692253839,0.0
1556556529712264137,0.0
1556556529732194557,0.0
1556556529752369916,7.55007839203
1556556529772090667,12.5229892731
1556556529792513352,16.2526721954
1556556529812104119,20.9147777557
1556556529832202977,22.7796173096
1556556529852186237,23.7120380402
1556556529872133113,23.7120380402
1556556529892188680,23.7120380402
1556556529912207069,23.7120380402
1556556529932083659,23.7120380402
1556556529952155785,23.7120380402
1556556529972091744,13.7662162781
1556556529992103972,0.0
1556556530011957674,0.0
1556556530032020777,0.0
1556556530052022622,0.0
1556556530072077255,0.0
1556556530092377433,0.0
1556556530112107350,0.0
1556556530132329980,0.0
1556556530152336268,0.0
1556556530173994002,10.9689540863
1556556530194065182,13.4554100037
1556556530213244054,18.428319931
1556556530232633937,21.5363903046
1556556530252165192,22.4688110352
1556556530272150668,22.4688110352
1556556530292123735,22.4688110352
1556556530312254777,22.4688110352
1556556530332337092,22.4688110352
1556556530352240977,22.4688110352
1556556530374207670,22.4688110352
1556556530394127651,22.4688110352
1556556530412970393,19.6715488434
1556556530432662123,17.185092926
1556556530452170723,15.941865921
1556556530472045460,14.6986370087
1556556530492584161,13.4554100037
1556556530512016536,12.2121829987
1556556530532111810,12.2121829987
1556556530552241079,12.2121829987
1556556530572332041,12.2121829987
1556556530591985941,12.2121829987
1556556530611983649,12.2121829987
1556556530632301366,12.2121829987
1556556530652006773,12.2121829987
1556556530672107680,12.2121829987
1556556530692014942,12.2121829987
1556556530712169327,12.2121829987
1556556530732091022,12.2121829987
1556556530752078254,12.2121829987
1556556530772225944,12.2121829987
1556556530792062687,13.1446037292
1556556530812168678,14.0770244598
1556556530832241740,14.0770244598
1556556530852261295,14.0770244598
1556556530872193168,14.0770244598
1556556530892298397,14.0770244598
1556556530912114047,14.0770244598
1556556530932090993,14.0770244598
1556556530952031361,14.0770244598
1556556530972034417,14.0770244598
1556556530992069826,14.0770244598
1556556531012274666,14.0770244598
1556556531032276949,14.0770244598
1556556531052099496,14.0770244598
1556556531072091455,14.0770244598
1556556531092217591,14.0770244598
1556556531112144315,14.0770244598
1556556531132050877,14.0770244598
1556556531153545993,14.0770244598
1556556531173684104,14.0770244598
1556556531192469209,14.0770244598
1556556531212110405,14.0770244598
1556556531231963066,14.0770244598
1556556531252134014,14.0770244598
1556556531272070640,14.0770244598
1556556531292041346,14.0770244598
1556556531312165565,14.0770244598
1556556531332212241,14.0770244598
1556556531352240164,14.0770244598
1556556531372043228,14.0770244598
1556556531392047874,14.0770244598
1556556531412310752,14.0770244598
1556556531432180762,14.0770244598
1556556531452096078,14.0770244598
1556556531472241996,14.0770244598
1556556531492183425,14.0770244598
1556556531512111838,14.0770244598
1556556531532054891,14.0770244598
1556556531552118349,14.0770244598
1556556531572310202,14.0770244598
1556556531592146947,14.0770244598
1556556531612113641,14.0770244598
1556556531632079682,14.0770244598
1556556531652112735,11.5905685425
1556556531672109463,10.3473405838
1556556531692198108,10.3473405838
1556556531712233948,10.3473405838
1556556531732303042,10.3473405838
1556556531752340659,10.3473405838
1556556531772383908,10.3473405838
1556556531792190145,10.3473405838
1556556531812149664,10.3473405838
1556556531832146659,10.3473405838
1556556531852068112,10.3473405838
1556556531872180959,10.3473405838
1556556531892211835,10.3473405838
1556556531912310754,10.3473405838
1556556531932221268,10.3473405838
1556556531952083064,10.3473405838
1556556531971997301,10.3473405838
1556556531992180215,10.3473405838
1556556532012261287,10.3473405838
1556556532032171834,10.3473405838
1556556532052240725,10.3473405838
1556556532072193832,10.3473405838
1556556532092106676,10.3473405838
1556556532112238590,10.3473405838
1556556532132290840,10.3473405838
1556556532152063290,10.3473405838
1556556532172330831,10.3473405838
1556556532192165141,0.0
1556556532212120285,0.0
1556556532232052430,0.0
1556556532252501184,0.0
1556556532272053315,0.0
1556556532292291221,0.0
1556556532312120613,0.0
1556556532332103467,0.0
1556556532352019629,0.0
1556556532372338650,0.0
1556556532392058642,0.0
1556556532412008113,0.0
1556556532432086760,0.0
1556556532452289347,0.0
1556556532472155678,-0.438410133123
1556556532492025754,-0.861429095268
1556556532512092190,-1.26928317547
1556556532532077512,-1.66219842434
1556556532552117933,-2.04040122032
1556556532572035498,-2.40411758423
1556556532592249442,-2.75357413292
1556556532612135628,-3.08899641037
1556556532632111549,-3.41061115265
1556556532652160954,-3.71864438057
1556556532672357330,-4.01332235336
1556556532692057971,-4.29487133026
1556556532712291102,-4.56351709366
1556556532732068919,-4.81948661804
1556556532752260529,-5.06300544739
1556556532772067908,-5.29430007935
1556556532792174056,-5.51359653473
1556556532812374615,-5.72112131119
1556556532832189196,-5.91710042953
1556556532852150503,-6.10175991058
1556556532872142119,-6.27532625198
1556556532892178697,-6.43802595139
1556556532912146929,-6.59008455276
1556556532932144057,-6.73172855377
1556556532952105307,-6.86318397522
1556556532972315878,-6.98467731476
1556556532992108436,-7.09643507004
1556556533012163425,-7.19868278503
1556556533031989092,-7.29164648056
1556556533052058370,-7.37555360794
1556556533072087188,-7.45062875748
1556556533092210773,-7.51709938049
1556556533112165611,-7.5751914978
1556556533132153110,-7.62513065338
1556556533154808499,-7.66714382172
1556556533173023784,-7.70145654678
1556556533192661976,-7.72829580307
1556556533212486155,-7.74788713455
1556556533232404286,-7.76045656204
1556556533252025038,-7.76623106003
1556556533273830289,-7.76543664932
1556556533294658785,-7.7582988739
1556556533312846437,-7.74504470825
1556556533332544377,-7.72590017319
1556556533352072843,-7.70109128952
1556556533372209084,-7.67084407806
1556556533392175198,-7.63538551331
1556556533412082283,-7.59494113922
1556556533432040037,-7.54973697662
1556556533452009613,-7.5
1556556533471964131,-7.44595575333
1556556533492017352,-7.38783073425
1556556533512066221,-7.32585144043
1556556533532088021,-7.26024341583
1556556533552229211,-7.19123315811
1556556533571956053,-7.11904716492
1556556533592171301,-7.04391098022
1556556533612101489,-6.96605157852
1556556533634265410,-6.88569450378
1556556533653508386,-6.8030667305
1556556533672506407,-6.71839332581
1556556533692262499,-6.63190174103
1556556533712452164,-6.54381752014
1556556533732159198,-6.45436668396
1556556533752208071,-6.36377620697
1556556533772077220,-6.27227115631
1556556533792146236,-6.18007898331
1556556533812009789,-6.0874247551
1556556533832022111,-5.994535923
1556556533852166846,-5.90163755417
1556556533872321925,-5.80895614624
1556556533892313114,-5.71671819687
1556556533912321773,-5.62514972687
1556556533932289765,-5.53447723389
1556556533952228951,-5.44492673874
1556556533972217852,-5.3567237854
1556556533992175889,-5.2700958252
1556556534012450214,-5.18526792526
1556556534032169791,-5.10246706009
1556556534052163601,-5.02191925049
1556556534072256870,-4.94385051727
1556556534092314723,-4.86848735809
1556556534112092896,-4.79605531693
1556556534132371570,-4.72678136826
1556556534152145733,-4.6608915329
1556556534174814474,-4.59861183167
1556556534193893998,-4.54016828537
1556556534212598463,-4.48578739166
1556556534232345532,-4.43569564819
1556556534252492730,-4.39011859894
1556556534272140446,-4.34928321838
1556556534292165534,-4.31341505051
1556556534312230262,-4.28274059296
1556556534332287726,-4.25748586655
1556556534352280844,-4.23787736893
1556556534372492615,-4.22414064407
1556556534392507982,-4.21650314331
1556556534412113857,-4.21518993378
1556556534432073473,-4.22042751312
1556556534452274530,-4.232442379
1556556534472190309,-4.25139379501
1556556534492253014,-4.27717447281
1556556534512193006,-4.30961036682
1556556534532053589,-4.34852695465
1556556534554653341,-4.39375066757
1556556534573071184,-4.44510698318
1556556534592297947,-4.50242185593
1556556534612279166,-4.56552124023
1556556534632235392,-4.63423156738
1556556534652232530,-4.70837783813
1556556534672256859,-4.78778600693
1556556534692254778,-4.87228250504
1556556534712207575,-4.9616932869
1556556534732260131,-5.05584335327
1556556534752385607,-5.15455961227
1556556534772130793,-5.2576675415
1556556534792011979,-5.3649930954
1556556534812058797,-5.47636175156
1556556534832239411,-5.59159994125
1556556534852110959,-5.71053314209
1556556534872093872,-5.83298778534
1556556534892305446,-5.9587893486
1556556534912176743,-6.08776330948
1556556534932265717,-6.21973657608
1556556534952288081,-6.35453414917
1556556534972103282,-6.49198246002
1556556534992038417,-6.63190746307
1556556535012207852,-6.77413463593
1556556535032197017,-6.91848993301
1556556535052002639,-7.06479930878
1556556535072180857,-7.21288871765
1556556535092276742,-7.36258363724
1556556535112122750,-7.51371097565
1556556535132518693,-7.66609573364
1556556535152219988,-7.81956386566
1556556535172266064,-7.97394180298
1556556535192112241,-8.12905502319
1556556535212148851,-8.28472900391
1556556535232161460,-8.44079017639
1556556535252139891,-8.59706497192
1556556535272342724,-8.75337791443
1556556535292087222,-8.90955638885
1556556535312100444,-9.06542491913
1556556535332178750,-9.22080993652
1556556535352175749,-9.37553787231
1556556535372073042,-9.5294342041
1556556535392172201,-9.68232440948
1556556535412026062,-9.83403491974
1556556535432132718,-9.98439121246
1556556535452085976,-10.1332197189
1556556535473768075,-10.2803926468
1556556535494735690,-10.4259710312
1556556535512521687,-10.5700597763
1556556535532241360,-10.712767601
1556556535552409186,-10.8542013168
1556556535572230525,-10.9944667816
1556556535592211055,-11.1336717606
1556556535612067198,-11.2719230652
1556556535632253233,-11.409327507
1556556535652146934,-11.5459918976
1556556535672129286,-11.6820230484
1556556535692095710,-11.8175287247
1556556535712067712,-11.9526147842
1556556535732242544,-12.0873880386
1556556535752250603,-12.2219572067
1556556535772374806,-12.3564271927
1556556535792105117,-12.4909057617
1556556535812224155,-12.6254987717
1556556535832295572,-12.7603149414
1556556535852396986,-12.8954610825
1556556535872274265,-13.031042099
1556556535892353552,-13.1671667099
1556556535912086154,-13.303940773
1556556535932113942,-13.4414730072
1556556535952218506,-13.5798683167
1556556535972059519,-13.7192335129
1556556535992055168,-13.8596773148
1556556536012078099,-14.0013055801
1556556536032011675,-14.1442251205
1556556536052085859,-14.2885427475
1556556536072059074,-14.4343662262
1556556536092252459,-14.5818023682
1556556536112090700,-14.7309570312
1556556536132131747,-14.8819379807
1556556536152031479,-15.0348510742
1556556536172053070,-15.1898050308
1556556536192292967,-15.3469057083
1556556536212255643,-15.5062599182
1556556536232305563,-15.667974472
1556556536252150437,-15.832157135
1556556536271998570,-15.998913765
1556556536292006818,-16.1683521271
1556556536312119857,-16.3405799866
1556556536332017227,-16.5157012939
1556556536352093689,-16.6938247681
1556556536371990333,-16.8750591278
1556556536392191266,-17.05950737
1556556536412084642,-17.2472801208
1556556536432460379,-17.4384803772
1556556536452162760,-17.6332206726
1556556536472130367,-17.8315296173
1556556536492080544,-18.0331516266
1556556536512328431,-18.2377586365
1556556536532245564,-18.445016861
1556556536552013707,-18.6545963287
1556556536572153316,-18.8661689758
1556556536592184719,-19.0794048309
1556556536612069476,-19.293970108
1556556536632198825,-19.5095367432
1556556536652154439,-19.725774765
1556556536672234674,-19.9423542023
1556556536692260301,-20.1589431763
1556556536712470514,-20.3752098083
1556556536732075669,-20.5908279419
1556556536752069532,-20.8054656982
1556556536772139641,-21.0187911987
1556556536792140729,-21.230474472
1556556536812095120,-21.4401874542
1556556536832065480,-21.6475982666
1556556536852303071,-21.8523750305
1556556536872255942,-22.054189682
1556556536892172228,-22.2527122498
1556556536912018291,-22.4476108551
1556556536932203722,-22.6385555267
1556556536952206431,-22.8252162933
1556556536972350948,-23.0072631836
1556556536992149222,-23.1843643188
1556556537012047717,-23.3561897278
1556556537032196053,-23.5224113464
1556556537052115968,-23.6826972961
1556556537072268069,-23.8367176056
1556556537092089466,-23.9841403961
1556556537112076444,-24.1246376038
1556556537132140386,-24.2578754425
1556556537152079844,-24.3835277557
1556556537172310584,-24.5012626648
1556556537192261264,-24.6107501984
1556556537212083632,-24.7116584778
1556556537232055125,-24.8036594391
1556556537252057137,-24.8864192963
1556556537272108978,-24.9596118927
1556556537292119909,-25.0229034424
1556556537312064735,-25.0759658813
1556556537332180366,-25.1184692383
1556556537352317678,-25.1500797272
1556556537372059397,-25.1704711914
1556556537392026900,-25.179309845
1556556537412123844,-25.1762695312
1556556537432087046,-25.1610145569
1556556537452030282,-25.1332206726
1556556537472014161,-25.0926895142
1556556537491998726,-25.0397796631
1556556537512139608,-24.9749889374
1556556537532203794,-24.8988056183
1556556537552230813,-24.8117294312
1556556537572164857,-24.7142524719
1556556537592333184,-24.6068687439
1556556537612574920,-24.4900741577
1556556537632495661,-20.4339179993
1556556537652204753,-11.7525920868
1556556537672262987,-5.39438772202
1556556537692125713,0.505037844181
1556556537712105690,5.16817808151
1556556537732187971,11.8580093384
1556556537751996743,14.0494976044
1556556537772025749,14.2237911224
1556556537792034359,14.4030456543
1556556537812296762,14.586769104
1556556537832037333,14.7744655609
1556556537852218974,14.9656429291
1556556537872077823,15.1598052979
1556556537892177485,15.3564567566
1556556537912251043,15.5551052094
1556556537932101092,15.7552566528
1556556537952046406,15.956413269
1556556537972228091,16.1580848694
1556556537992155816,16.3597755432
1556556538012143036,16.5609893799
1556556538032099977,16.7612342834
1556556538052256449,16.9600143433
1556556538072195533,17.156835556
1556556538092013114,17.3512039185
1556556538112034631,17.5426235199
1556556538132056989,17.7306041718
1556556538152183112,17.9146461487
1556556538172131638,18.0942592621
1556556538192287049,18.2689476013
1556556538212142713,18.4382152557
1556556538232170499,18.6015701294
1556556538252070001,18.7585163116
1556556538272164954,18.9085597992
1556556538292211698,18.4271850586
1556556538312213390,14.9876613617
1556556538331970820,2.37094950676
1556556538352249206,-18.0701732635
1556556538372159929,-17.9620571136
1556556538392122702,-17.8638095856
1556556538412183385,-17.7759246826
1556556538432212861,-17.6988964081
1556556538452143036,-17.6332206726
1556556538472170876,-17.5792369843
1556556538492032842,-17.5366783142
1556556538512064694,-17.5051212311
1556556538532090823,-17.4841442108
1556556538552298631,-17.473323822
1556556538572228920,-17.472240448
1556556538592130278,-17.48046875
1556556538612089141,-17.4975891113
1556556538632220239,-17.5231800079
1556556538652162501,-17.5568161011
1556556538672136297,-17.5980758667
1556556538692275589,-17.6465396881
1556556538712197172,-17.7017841339
1556556538732195208,-17.7633876801
1556556538752204584,-17.8309268951
1556556538772137889,-17.9039802551
1556556538794125968,-17.982126236
1556556538814260763,-18.0649414062
1556556538833394948,-18.1520042419
1556556538852508031,-18.242893219
1556556538872133209,-18.337184906
1556556538892144520,-18.4344596863
1556556538912229098,-18.5342922211
1556556538932128037,-18.6362628937
1556556538952268348,-18.7399482727
1556556538972194587,-18.8449249268
1556556538992144950,-18.9507751465
1556556539012527623,-19.0570716858
1556556539032092564,-19.1633968353
1556556539052118616,-19.2693252563
1556556539072159854,-19.3744354248
1556556539092397118,-19.4783058167
1556556539112115655,-19.5805149078
1556556539132244995,-19.680639267
1556556539152035010,-19.7782592773
1556556539172143078,-19.8729476929
1556556539192128088,-19.9642887115
1556556539212186833,-20.0518550873
1556556539232123342,-24.0680789948
1556556539252500298,-24.1468353271
1556556539272089338,-24.2205505371
1556556539292351207,-24.2888069153
1556556539312131275,-24.3511772156
1556556539332035620,-24.4072437286
1556556539352080761,-24.4565830231
1556556539372185135,-24.4987735748
1556556539392051620,-24.5333900452
1556556539412281846,-24.5600147247
1556556539432222279,-24.5782222748
1556556539452192295,-24.5875911713
1556556539472036437,-24.5878009796
1556556539492084481,-24.5789356232
1556556539512079397,-24.5611782074
1556556539532260417,-24.5347118378
1556556539552194950,-24.4997215271
1556556539572036888,-25.0780067444
1556556539592163963,-25.0265197754
1556556539612242020,-24.9670619965
1556556539632383562,-24.8998165131
1556556539652385785,-24.824968338
1556556539672370167,-24.7426986694
1556556539692121775,-24.6531963348
1556556539712380176,-24.556640625
1556556539732211206,-24.4532165527
1556556539752311673,-24.3431110382
1556556539772124349,-24.2265052795
1556556539791979487,-24.1035861969
1556556539812081664,-23.9745349884
1556556539833704871,-23.8395366669
1556556539854531739,-23.6987743378
1556556539872344958,-23.5524349213
1556556539892135525,-23.4006996155
1556556539912131514,-23.2437553406
1556556539932171133,-23.0817832947
1556556539952194424,-22.9149684906
1556556539971980786,-22.7434959412
1556556539992180911,-22.5675487518
1556556540012049741,-22.3873119354
1556556540032254252,-22.2029666901
1556556540052085968,-22.0147018433
1556556540072188400,-21.8226966858
1556556540092097500,-21.6271400452
1556556540112083888,-21.4282112122
1556556540132328750,-21.2260971069
1556556540152289528,-21.0209827423
1556556540172376663,-20.8130493164
1556556540192237468,-20.602481842
1556556540212236376,-20.389465332
1556556540232228090,-20.1741828918
1556556540252214739,-19.9568195343
1556556540271995883,-19.7375583649
1556556540292267646,-20.7598133087
1556556540312143626,-22.557554245
1556556540332197099,-23.5769348145
1556556540352111619,-24.5951538086
1556556540372631016,-26.3894119263
1556556540392088464,-27.4058609009
1556556540412116520,-29.0433139801
1556556540432128360,-28.8155021667
1556556540452143026,-29.2090606689
1556556540472353383,-30.3795833588
1556556540492271858,-30.773223877
1556556540512288629,-30.5455741882
1556556540532557833,-30.318441391
1556556540552170463,-30.0920143127
1556556540572171273,-30.4881000519
1556556540592245723,-30.2636604309
1556556540612269581,-30.0404987335
1556556540632144815,-29.8188095093
1556556540652096849,-29.5987796783
1556556540672148582,-29.3806018829
1556556540692114396,-29.1644687653
1556556540712321240,-28.9505672455
1556556540732249777,-28.7390918732
1556556540752202440,-28.5302314758
1556556540772178484,-26.3039321899
1556556540794076332,-22.8374023438
1556556540813246467,-14.7119579315
1556556540832393052,-9.02858161926
1556556540852211716,-8.83566188812
1556556540872177687,-8.64650249481
1556556540892039418,-8.46129512787
1556556540912318486,-8.28023052216
1556556540932076771,-8.10349845886
1556556540952089535,-7.93129110336
1556556540972275500,-7.76379871368
1556556540992225760,-7.60121250153
1556556541012140293,-7.44372272491
1556556541032073445,-7.29152011871
1556556541052047479,-7.1447968483
1556556541072104692,-7.00374221802
1556556541092050680,-6.86854839325
1556556541112187298,-6.73940515518
1556556541132139299,-6.61650419235
1556556541152262242,-6.50003623962
1556556541172068088,-6.39019155502
1556556541192181813,-10.5308198929
1556556541212031366,-11.0564098358
1556556541232114781,-14.6972646713
1556556541252051789,-19.5887355804
1556556541272030516,-25.1093959808
1556556541292085156,-30.948633194
1556556541312099831,-33.9985694885
1556556541332228106,-36.7458457947
1556556541352360262,-38.7244491577
1556556541372168853,-40.5561790466
1556556541392163876,-40.531791687
1556556541412105056,-40.5163192749
1556556541432168507,-40.5099525452
1556556541452119150,-40.512878418
1556556541472154458,-40.525226593
1556556541492164506,-40.5468292236
1556556541512183211,-40.5774650574
1556556541532070981,-37.3534317017
1556556541552058398,-33.9825706482
1556556541572070637,-21.7620639801
1556556541592192000,-14.9887981415
1556556541612260914,-11.1760921478
1556556541632120626,-11.2561397552
1556556541652108540,-6.1675453186
1556556541671957748,-6.2622423172
1556556541692075117,-6.36392307281
1556556541712052739,-6.47236013412
1556556541732044625,-6.5873260498
1556556541752354434,-6.70859336853
1556556541772256274,-6.8359336853
1556556541792085528,-6.96912050247
1556556541812299281,-7.10792589188
1556556541832259817,-7.25212240219
1556556541852164586,-7.40148258209
1556556541872364054,-7.55577850342
1556556541892135377,-7.71478271484
1556556541912261563,-7.87826776505
1556556541932216078,-8.0460062027
1556556541952247982,-8.21777057648
1556556541972276499,-8.39333343506
1556556541992463009,-8.57246685028
1556556542012029800,-8.75494384766
1556556542032039116,-8.94053649902
1556556542052054958,-9.12901687622
1556556542072286485,-9.32015800476
1556556542092350805,-9.51373291016
1556556542112425608,-9.70951271057
1556556542132163996,-9.90727043152
1556556542152132606,-10.1067790985
1556556542172130853,-10.3078098297
1556556542195332319,-10.5101366043
1556556542213785301,-10.7135314941
1556556542232490608,-10.917766571
1556556542252133798,-11.1226139069
1556556542272263599,-11.3278474808
1556556542292315265,-11.5332384109
1556556542312304629,-11.7385597229
1556556542332125940,-11.9435834885
1556556542352282969,-12.1480817795
1556556542372203073,-12.3518285751
1556556542392191204,-12.5545949936
1556556542412173403,-12.7561540604
1556556542432227217,-12.9562778473
1556556542452366880,-13.1547393799
1556556542472162734,-13.351348877
1556556542492555952,-13.5460672379
1556556542512101968,-13.7388944626
1556556542532200178,-13.9298295975
1556556542552258568,-14.1188716888
1556556542572085723,-14.306019783
1556556542592155824,-14.4912729263
1556556542612128195,-14.6746311188
1556556542632228553,-14.8560943604
1556556542652010074,-15.03565979
1556556542672168896,-15.2133293152
1556556542692265770,-15.3890991211
1556556542712220735,-15.5629711151
1556556542732250005,-15.7349433899
1556556542752294821,-15.9050159454
1556556542772548953,-16.0731868744
1556556542792164793,-16.2394561768
1556556542812283308,-16.4038238525
1556556542832282079,-16.5662879944
1556556542852328429,-16.7268466949
1556556542872227850,-16.8855018616
1556556542892238714,-17.0422534943
1556556542914107644,-17.197095871
1556556542935664330,-17.3500347137
1556556542952495505,-17.5010643005
1556556542972068300,-17.6501846313
1556556542992059738,-17.7973976135
1556556543012144788,-17.9427013397
1556556543032050451,-18.0860919952
1556556543052189531,-18.2275733948
1556556543072166345,-18.367143631
1556556543092025492,-18.5048007965
1556556543112172433,-22.8842010498
1556556543132084039,-34.0516777039
1556556543152347926,-48.1699028015
1556556543172199169,-56.5362854004
1556556543192343485,-56.6643676758
1556556543212088041,-56.7905349731
1556556543232240425,-56.9147834778
1556556543252130645,-57.0371131897
1556556543272241160,-57.1575241089
1556556543292090566,-57.2760162354
1556556543312055915,-57.3925857544
1556556543332140815,-57.507232666
1556556543352088313,-57.6199607849
1556556543371943720,-57.7307662964
1556556543392401176,-57.8396453857
1556556543412008752,-49.7102165222
1556556543432310747,-42.8220939636
1556556543452223936,-32.513168335
1556556543472217109,-26.5536022186
1556556543491999071,-26.1865692139
1556556543512055842,-26.2836894989
1556556543532298628,-25.9124774933
1556556543552067638,-26.0052909851
1556556543572053432,-26.0958518982
1556556543592182936,-26.1840953827
1556556543612179503,-26.2699584961
1556556543632082417,-26.3533744812
1556556543652122625,-26.4342784882
1556556543672158980,-26.5126056671
1556556543692133940,-26.5882911682
1556556543712252817,-26.6612701416
1556556543732087373,-26.7314758301
1556556543752080164,-26.7988471985
1556556543772198988,-26.8633136749
1556556543791999478,-26.9248142242
1556556543812055349,-26.9832839966
1556556543831978860,-27.0386543274
1556556543852314857,-27.0908641815
1556556543872227826,-27.1398468018
1556556543892000461,-27.1855354309
1556556543912182486,-27.2278690338
1556556543932047189,-27.2667789459
1556556543952130038,-27.3022022247
1556556543972205485,-27.334072113
1556556543992081697,-27.3623256683
1556556544012228244,-27.3868961334
1556556544032084774,-27.4077186584
1556556544052424972,-27.4247303009
1556556544072110089,-27.4378623962
1556556544092080711,-27.4470539093
1556556544112217338,-27.4522361755
1556556544132144613,-27.4533462524
1556556544151997179,-27.4503173828
1556556544172095339,-34.1254348755
1556556544192036821,-53.2285652161
1556556544212145656,-60.0504837036
1556556544232008026,-60.0302581787
1556556544252049947,-60.0055618286
1556556544272291124,-59.9763412476
1556556544292186745,-59.942527771
1556556544312500182,-59.9040603638
1556556544332342575,-59.8608627319
1556556544352116161,-59.8128814697
1556556544372058045,-59.7600479126
1556556544392159686,-59.702293396
1556556544412262931,-59.6395568848
1556556544432437874,-49.7813529968
1556556544452307926,-35.4113349915
1556556544472187506,-32.6914329529
1556556544492105096,-27.3246231079
1556556544512120515,-27.236618042
1556556544532078944,-27.1438293457
1556556544552141736,-27.0463886261
1556556544572152845,-26.478219986
1556556544592052823,-26.3718738556
1556556544612107703,-26.2612724304
1556556544632138432,-26.1465473175
1556556544652221158,-26.0278301239
1556556544672020521,-25.905254364
1556556544692215514,-25.7789497375
1556556544712082759,-25.6490478516
1556556544732265763,-25.5156841278
1556556544752062302,-25.3789863586
1556556544772057736,-25.2390880585
1556556544792125517,-25.0961208344
1556556544812299281,-24.9502162933
1556556544832250544,-24.8015060425
1556556544852065943,-24.6501235962
1556556544872164960,-24.4962005615
1556556544892313954,-24.3398666382
1556556544912129601,-19.1605796814
1556556544932008163,-18.9998226166
1556556544954712681,-18.8370513916
1556556544972593789,-18.6723976135
1556556544992313973,-18.5059947968
1556556545012407734,-18.337972641
1556556545032166943,-18.1684646606
1556556545052246072,-17.9976005554
1556556545072114140,-17.8255138397
1556556545092237449,-17.6523361206
1556556545112020739,-17.4781990051
1556556545132085740,-17.3032360077
1556556545152105046,-17.1275749207
1556556545171929694,-16.9513511658
1556556545192327333,-16.7746963501
1556556545212421466,-16.5977420807
1556556545231974383,-16.4206180573
1556556545252060204,-16.2434577942
1556556545272026254,-16.0663948059
1556556545292190706,-15.8895578384
1556556545312193671,-15.7130804062
1556556545332224727,-15.5370931625
1556556545352310551,-15.3617296219
1556556545372070385,-15.1871213913
1556556545394072046,-15.0133991241
1556556545412782562,-14.8406953812
1556556545432182977,-14.6691427231
1556556545452127450,-14.4988718033
1556556545472268786,-14.3299856186
1556556545492092438,-14.1624765396
1556556545512057933,-13.9963064194
1556556545532176281,-13.8314361572
1556556545552209966,-13.6678285599
1556556545572251999,-13.5054454803
1556556545592265369,-13.3442497253
1556556545612004696,-13.1842031479
1556556545632288585,-13.0252685547
1556556545652307361,-12.8674068451
1556556545672064242,-12.7105808258
1556556545692255582,-12.5547523499
1556556545712017885,-12.3998842239
1556556545732102952,-12.2459383011
1556556545755355134,-12.092877388
1556556545773064773,-11.940662384
1556556545792498924,-11.7892560959
1556556545812636819,-11.6386203766
1556556545832345028,-11.4887170792
1556556545852159953,-11.339509964
1556556545872186048,-11.1909599304
1556556545892121586,-11.0430288315
1556556545911988070,-10.8956804276
1556556545932090776,-10.7488746643
1556556545952134759,-10.6025762558
1556556545972208944,-10.4567451477
1556556545994405619,-10.3113441467
1556556546014706753,-10.1663360596
1556556546033842796,-10.0216817856
1556556546052714096,-9.87734508514
1556556546072573192,-9.73328781128
1556556546092264463,-9.58947086334
1556556546112132305,-9.44585704803
1556556546132085711,-9.30240917206
1556556546152039249,-9.15908908844
1556556546172175271,-9.01585865021
1556556546192092252,-8.87267971039
1556556546212308777,-8.72951602936
1556556546232144351,-8.5863275528
1556556546252126723,-8.44307804108
1556556546272151829,-8.29972839355
1556556546292232974,-8.15624237061
1556556546312111513,-8.01258087158
1556556546332033917,-7.86870670319
1556556546352084395,-7.72458171844
1556556546372079844,-7.58016777039
1556556546392084478,-7.43542814255
1556556546412121533,-7.29032373428
1556556546432013768,-7.14481735229
1556556546452042064,-6.99887132645
1556556546471988052,-6.85245704651
1556556546492102563,-6.70558452606
1556556546512008398,-6.55827331543
1556556546532009008,-6.4105424881
1556556546552088042,-6.26241207123
1556556546572129181,-6.11390161514
1556556546592072708,-5.96503019333
1556556546612046576,-5.81581735611
1556556546632003765,-5.66628265381
1556556546651951380,-5.51644611359
1556556546672156834,-5.36632633209
1556556546692428215,-5.21594333649
1556556546712248013,-5.06531667709
1556556546732089416,-4.9144654274
1556556546752066583,-4.76340961456
1556556546771982014,-4.61216831207
1556556546792220115,-4.46076107025
1556556546812122006,-0.223361760378
1556556546832101281,7.85389518738
1556556546852039240,17.951505661
1556556546872146090,24.7857284546
1556556546892265804,29.7551784515
1556556546912109138,32.0828208923
1556556546932054290,34.1020965576
1556556546954602183,34.2541275024
1556556546973067247,34.4061508179
1556556546992773085,34.5581436157
1556556547012602074,30.6671867371
1556556547032421839,24.4475231171
1556556547052331821,10.9238071442
1556556547072389646,4.39314031601
1556556547092497417,-2.18300867081
1556556547112050889,-2.03159928322
1556556547132278138,-1.88035523891
1556556547152215053,-1.72929632664
1556556547172343668,-1.57844185829
1556556547192120608,-1.4278113842
1556556547212113989,-1.2774245739
1556556547232289196,-1.12730062008
1556556547252258015,-0.977459251881
1556556547272133242,-0.827919840813
1556556547292178528,-0.678701937199
1556556547312313672,-0.529824972153
1556556547332206141,-0.381308525801
1556556547352430161,-0.233172059059
1556556547372169246,-0.085435025394
1556556547392324656,0.0618830472231
1556556547412092515,0.208762675524
1556556547433927237,0.355184346437
1556556547452893514,0.501128613949
1556556547472202119,0.64658588171
1556556547492222311,0.791586339474
1556556547512145631,0.93617016077
1556556547532123082,1.08037745953
1556556547552164164,1.22424840927
1556556547572205790,1.36782312393
1556556547592167941,1.51114165783
1556556547612185872,1.6542443037
1556556547632056021,1.79717111588
1556556547652156657,1.93996226788
1556556547672185726,2.08265781403
1556556547692269008,2.22529792786
1556556547712138677,2.3679227829
1556556547732169667,2.51057267189
1556556547752206432,2.65328741074
1556556547772064615,2.79610729218
1556556547792231429,2.93907237053
1556556547812139564,3.08222293854
1556556547832169856,3.22559928894
1556556547852151338,3.36924099922
1556556547873728232,3.51318860054
1556556547895266496,3.65748238564
1556556547912711578,3.80216217041
1556556547932203246,3.9472682476
1556556547952240846,4.09284067154
1556556547972199311,4.23891925812
1556556547992155207,4.38554477692
1556556548012186534,4.53275728226
1556556548031950435,4.68059682846
1556556548052084301,4.82910299301
1556556548072150648,4.97831678391
1556556548092247034,5.12827777863
1556556548112069770,5.27902603149
1556556548132020746,5.43060207367
1556556548152084009,5.58304595947
1556556548172163320,5.73639774323
1556556548192223511,5.89069747925
1556556548212033977,6.04598522186
1556556548232112362,6.20230150223
1556556548252139173,6.35968637466
1556556548272144288,6.51817941666
1556556548292026394,6.6778216362
1556556548312130947,6.83865261078
1556556548332061223,7.00071239471
1556556548352196454,7.16404151917
1556556548374618423,7.32867956161
1556556548394171527,7.49466753006
1556556548413242314,7.66204500198
1556556548432439506,7.83085155487
1556556548452567863,8.00112819672
1556556548472277636,8.1728849411
1556556548492076930,8.3460111618
1556556548512034629,8.52036380768
1556556548532048487,8.69580459595
1556556548552285442,8.87219047546
1556556548571982523,9.04938030243
1556556548592184735,9.22723484039
1556556548612121997,9.40561199188
1556556548632201042,9.58436965942
1556556548652022494,9.76336860657
1556556548672090033,9.94246673584
1556556548692128919,10.1215229034
1556556548712123883,10.3003969193
1556556548732048813,10.4789466858
1556556548752190344,10.6570320129
1556556548772218310,10.8345108032
1556556548792068109,11.0112428665
1556556548812020890,11.187087059
1556556548832197617,11.3619022369
1556556548852180725,11.5355472565
1556556548872243458,11.7078809738
1556556548892320350,11.8787622452
1556556548912247924,12.0480508804
1556556548932384572,12.2156047821
1556556548952231465,12.3812828064
1556556548972098848,12.5449447632
1556556548992170560,12.706448555
1556556549012219941,12.8656549454
1556556549032017752,13.0224208832
1556556549052124015,13.1766061783
1556556549072087697,13.3280696869
1556556549092212265,13.4766702652
1556556549112100019,13.6222667694
1556556549132029842,13.7647190094
1556556549154935981,13.903883934
1556556549174321157,14.0396232605
1556556549194479271,14.1717939377
1556556549212778494,14.3002548218
1556556549232215466,14.4248657227
1556556549252169104,14.5454854965
1556556549272308638,14.6619729996
1556556549292115262,14.774187088
1556556549312174123,14.881986618
1556556549332240519,14.9852304459
1556556549352219519,15.0837783813
1556556549372102098,15.1774873734
1556556549392244279,15.2662191391
1556556549412121789,15.3498296738
1556556549432148587,15.4281797409
1556556549452260888,15.5011281967
1556556549472178574,15.5685758591
1556556549492067674,15.6305866241
1556556549512215100,15.6872682571
1556556549532028021,15.7387294769
1556556549552200900,15.7850751877
1556556549572193319,15.8264141083
1556556549592156155,15.8628530502
1556556549612153262,15.8944978714
1556556549632071167,15.9214572906
1556556549652028121,15.9438371658
1556556549672150717,15.9617462158
1556556549692368394,15.9752902985
1556556549712289810,15.9845762253
1556556549732087392,20.3863639832
1556556549755216553,28.3130340576
1556556549774297753,38.4114151001
1556556549793116030,43.8438606262
1556556549812576787,48.6509742737
1556556549832383869,49.880191803
1556556549852087651,50.3288841248
1556556549872208281,50.3079681396
1556556549892228958,50.2837562561
1556556549912198326,50.2563552856
1556556549932205303,43.5435295105
1556556549954635573,28.7467517853
1556556549972802972,15.7665929794
1556556549992308973,15.727519989
1556556550012102403,15.685795784
1556556550034094958,15.6415281296
1556556550052881389,15.5948238373
1556556550072328069,15.5457897186
1556556550092357931,15.4945335388
1556556550112395827,15.4411621094
1556556550132183422,15.3857822418
1556556550152434959,15.3285007477
1556556550172467880,15.2694263458
1556556550192289585,15.2086639404
1556556550212178377,15.1463222504
1556556550234094601,15.0825080872
1556556550253225451,15.017329216
1556556550273022614,14.9508905411
1556556550292287147,14.8833017349
1556556550312222146,14.8146677017
1556556550332425634,14.7450971603
1556556550352219809,14.6746969223
1556556550372289995,21.4866809845
1556556550391999902,26.6986618042
1556556550412100778,32.8425521851
1556556550432195947,36.6549911499
1556556550452149545,37.2036590576
1556556550472050621,37.7521400452
1556556550492096987,37.6789321899
1556556550512149013,37.6057472229
1556556550532123452,37.5326957703
1556556550552352864,35.9058532715
1556556550572103814,27.4416065216
1556556550592120183,21.7750759125
1556556550612386186,13.7327013016
1556556550632081403,13.6619281769
1556556550652176715,13.5919322968
1556556550672038283,13.5228204727
1556556550692418231,13.4546995163
1556556550712042788,13.387676239
1556556550732102116,13.3218584061
1556556550752011027,13.257352829
1556556550772081857,13.1942663193
1556556550792072811,13.1327066422
1556556550812165376,13.0727815628
1556556550832181360,13.0145959854
1556556550852103501,12.9582586288
1556556550872174973,12.9038772583
1556556550892417620,12.851556778
1556556550912163644,12.8014059067
1556556550932045468,12.753531456
1556556550952256556,12.7080411911
1556556550972080705,12.6650400162
1556556550992323716,12.6246376038
1556556551012095518,12.5869398117
1556556551032091654,12.5520544052
1556556551052150487,12.5200872421
1556556551072278971,12.4911460876
1556556551092309670,12.465338707
1556556551112057070,12.4427719116
1556556551132126045,12.4235525131
1556556551152115302,12.407787323
1556556551172092178,8.30732917786
1556556551192110744,8.2987947464
1556556551212224355,8.29403686523
1556556551232152131,8.29316139221
1556556551252121745,8.29627609253
1556556551272065421,8.30348873138
1556556551292068773,8.31490516663
1556556551312152621,8.33063316345
1556556551332037596,4.77649927139
1556556551352185316,-4.05682516098
1556556551372169186,-16.6152000427
1556556551392114539,-22.4864883423
1556556551412205313,-24.9340496063
1556556551432117084,-24.890203476
1556556551452006237,-37.5
1556556551472108484,-37.5
1556556551492125982,-37.5
1556556551512080705,-37.5
1556556551532052026,-37.5
1556556551552167403,-37.5
1556556551571967717,-29.7298259735
1556556551592135513,-21.9596538544
1556556551612152641,-10.9260072708
1556556551632114321,-4.55446577072
1556556551652283316,-4.55446577072
1556556551672369281,0.0
1556556551692008519,0.0
1556556551712387247,0.0
1556556551732178979,0.0
1556556551752208206,0.0
1556556551772241471,0.0
1556556551792269838,0.0
1556556551812082771,0.0
1556556551832008191,0.0
1556556551852049386,0.0
1556556551872238026,0.0
1556556551892045584,0.0
1556556551912103683,0.0
1556556551932051417,0.0
1556556551952173818,0.0
1556556551972014455,0.0
1556556551992215453,0.0
1556556552012122713,-8.12874603271
1556556552032136177,-19.3177947998
1556556552052200991,-28.7974052429
1556556552072187721,-37.5
1556556552092106130,-37.5
1556556552112172624,-37.5
1556556552132212348,-37.5
1556556552152174894,-37.5
1556556552172304969,-37.5
1556556552192131790,-37.5
1556556552212365735,-37.5
1556556552232442385,-37.5
1556556552252160751,-37.5
1556556552272142160,-37.5
1556556552292106093,-35.9459648132
1556556552312242159,-27.0879688263
1556556552332377604,-15.8989191055
1556556552354292278,-5.02067613602
1556556552374720276,-5.02067613602
1556556552392795686,0.0
1556556552412184250,0.0
1556556552432203290,0.0
1556556552452329934,0.0
1556556552472170338,0.0
1556556552492052521,0.0
1556556552512136076,0.0
1556556552532061499,0.0
1556556552552247532,0.0
1556556552572152406,0.0
1556556552592152442,0.0
1556556552612179789,0.0
1556556552632278921,0.0
1556556552652007151,0.0
1556556552672253259,5.95068740845
1556556552692117817,14.4978780746
1556556552712118117,22.5788574219
1556556552732268788,30.1936264038
1556556552752193319,32.9908905029
1556556552772407963,37.5
1556556552792347460,37.5
1556556552812111178,37.5
1556556552832409838,37.5
1556556552852164186,37.5
1556556552872507119,37.5
1556556552892168010,37.5
1556556552912193005,35.3219413757
1556556552932157219,29.7274169922
1556556552952507429,23.3558750153
1556556552972124500,16.8289299011
1556556552992108528,7.97093296051
1556556553012034191,0.0
1556556553032187137,0.0
1556556553052248655,0.0
1556556553072302891,0.0
1556556553092102920,0.0
1556556553112668245,0.0
1556556553132144006,0.0
1556556553152206625,0.0
1556556553172054029,0.0
1556556553192101066,0.0
1556556553212228897,0.0
1556556553232163085,0.0
1556556553252176111,0.0
1556556553272283075,0.0
1556556553292026097,0.0
1556556553312070473,0.0
1556556553332153444,0.0
1556556553352391943,0.0
1556556553372243141,0.0
1556556553392055455,0.0
1556556553412170726,0.0
1556556553432211068,0.0
1556556553452181820,0.0
1556556553472095188,0.0
1556556553492202892,0.0
1556556553514444707,0.0
1556556553535091041,0.0
1556556553552576402,0.0
1556556553572342249,0.0
1556556553592318705,0.0
1556556553612303708,0.0
1556556553632272009,0.0
1556556553652355838,0.0
1556556553672365270,0.0
1556556553692238249,0.0
1556556553712164721,0.0
1556556553732182724,0.0
1556556553752220242,0.0
1556556553772081201,0.0
1556556553792388196,0.0
1556556553812090058,10.7681951523
1556556553832227079,12.3222293854
1556556553852195300,22.2680530548
1556556553872086156,25.6869277954
1556556553892204135,28.3287849426
1556556553912180878,28.3287849426
1556556553932311166,28.7949962616
1556556553952103135,28.7949962616
1556556553972037646,28.7949962616
1556556553992098119,28.7949962616
1556556554012044764,23.0450687408
1556556554032118983,19.9370002747
1556556554052037515,15.4302988052
1556556554072072936,9.3695640564
1556556554092224326,0.0
1556556554112114899,0.0
1556556554132306530,0.0
1556556554152214482,0.0
1556556554172042540,0.0
1556556554192260010,0.0
1556556554211997868,0.0
1556556554232102051,0.0
1556556554252038128,0.0
1556556554272167974,0.0
1556556554292152373,0.0
1556556554312107837,0.0
1556556554331964240,0.0
1556556554352020291,0.0
1556556554372184234,0.0
1556556554392314670,0.0
1556556554412027318,0.0
1556556554432298279,0.0
1556556554452181628,0.0
1556556554472134016,0.0
1556556554492386254,0.0
1556556554512364024,0.0
1556556554532273366,0.0
1556556554552159609,0.0
1556556554572030275,0.0
1556556554592294680,0.0
1556556554612074550,17.6059474945
1556556554632146168,28.4841899872
1556556554652147949,35.0111351013
1556556554672121647,37.5
1556556554692288174,37.5
1556556554712113037,37.5
1556556554732560363,37.5
1556556554752128915,37.5
1556556554772122253,37.3421859741
1556556554792044806,31.9030666351
1556556554812357612,22.7342624664
1556556554832317078,15.4302988052
1556556554852122420,8.28173923492
1556556554872164035,0.0
1556556554892201690,0.0
1556556554912100363,0.0
1556556554932215116,0.0
1556556554952149547,0.0
1556556554972100822,0.0
1556556554992294959,0.0
1556556555012393583,0.0
1556556555032023732,0.0
1556556555052081017,0.0
1556556555072197931,0.0
1556556555092224045,0.0
1556556555112232652,0.0
1556556555132237203,0.0
1556556555152127756,0.0
1556556555172137194,0.0
1556556555194197847,0.0
1556556555212771773,0.0
1556556555232661536,0.0
1556556555252514116,0.0
1556556555272421427,0.0
1556556555292077287,15.274895668
1556556555311971493,24.5991020203
1556556555332360636,32.2138748169
1556556555352139915,34.8557319641
1556556555372174100,34.8557319641
1556556555392157246,34.8557319641
1556556555412247126,31.1260471344
1556556555432165762,23.0450687408
1556556555452215504,12.9438438416
1556556555472065614,4.70745992661
1556556555492092410,0.0
1556556555512205388,0.0
1556556555532070586,0.0
1556556555552240939,0.0
1556556555572226556,0.0
1556556555592411122,0.0
1556556555612174113,0.0
1556556555632284745,0.0
1556556555652354538,0.0
1556556555672236563,0.0
1556556555692003942,0.0
1556556555712046314,0.0
1556556555732144819,0.0
1556556555752194512,0.0
1556556555772197491,0.0
1556556555792265763,0.0
1556556555812126342,0.0
1556556555832226330,0.0
1556556555852117478,0.0
1556556555873172165,0.0
1556556555892170446,0.0
1556556555912161051,0.0
1556556555932054607,0.0
1556556555952038612,0.0
1556556555972254641,0.0
1556556555992261612,0.0
1556556556012086829,0.0
1556556556032065606,0.0
1556556556052342435,0.0
1556556556072230099,0.0
1556556556092228182,0.0
1556556556112307250,0.0
1556556556132117133,0.0
1556556556152399700,0.0
1556556556172143854,0.0
1556556556194167142,0.0
1556556556214510875,0.0
1556556556233671585,0.0
1556556556252693319,0.0
1556556556272429648,0.0
1556556556292355790,0.0
1556556556312237318,0.0
1556556556332161299,0.0
1556556556352304424,0.0
1556556556372228348,0.0
1556556556392142201,0.0
1556556556412336168,0.0
1556556556432272257,0.0
1556556556452129845,0.0
1556556556472261545,0.0
1556556556492066601,0.0
1556556556512027687,0.0
1556556556531937427,0.0
1556556556552062091,0.0
1556556556572258142,0.0
1556556556592056586,0.0
1556556556612053483,0.0
1556556556632212805,0.0
1556556556652016017,0.0
1556556556672109344,0.0
1556556556692039732,0.0
1556556556712334317,0.0
1556556556732129010,0.0
1556556556752398535,0.0
1556556556771989253,0.0
1556556556792139993,0.0
1556556556812104527,0.0
1556556556832145815,0.0
1556556556852126090,0.0
1556556556872205131,0.0
1556556556892226624,0.0
1556556556914360124,0.0
1556556556934933642,0.0
1556556556953578759,0.0
1556556556972298007,0.0
1556556556992237783,0.0
1556556557012308796,0.0
1556556557032209741,0.0
1556556557052156320,0.0
1556556557072210692,0.0
1556556557092356046,0.0
1556556557114355030,0.0
1556556557132739496,0.0
1556556557152327738,0.0
1556556557172348042,0.0
1556556557192004126,0.0
1556556557212184017,0.0
1556556557232118290,0.0
1556556557252150251,0.0
1556556557272008761,0.0
1556556557292138104,0.0
1556556557312126900,0.0
1556556557332028686,0.0
1556556557352080360,0.0
1556556557372108902,0.0
1556556557394861314,0.0
